date,greece,greece bailout,greece debt,greece crisis,greece referendum
2007-01-01,53,0,0,0,0
2007-01-02,54,0,0,0,0
2007-01-03,60,0,0,0,0
2007-01-04,63,0,0,0,0
2007-01-05,60,0,0,0,0
2007-01-06,53,0,0,0,0
2007-01-07,61,0,0,0,0
2007-01-08,64,0,0,0,0
2007-01-09,65,0,0,0,0
2007-01-10,67,0,0,0,0
2007-01-11,70,0,0,0,0
2007-01-12,81,0,0,0,0
2007-01-13,56,0,0,0,0
2007-01-14,66,0,0,0,0
2007-01-15,63,0,0,0,0
2007-01-16,69,0,0,0,0
2007-01-17,71,0,0,0,0
2007-01-18,65,0,0,0,0
2007-01-19,66,0,0,0,0
2007-01-20,57,0,0,0,0
2007-01-21,66,0,0,0,0
2007-01-22,68,0,0,0,0
2007-01-23,69,0,0,0,0
2007-01-24,70,0,0,0,0
2007-01-25,66,0,0,0,0
2007-01-26,62,0,0,0,0
2007-01-27,53,0,0,0,0
2007-01-28,60,0,0,0,0
2007-01-29,69,0,0,0,0
2007-01-30,70,0,0,0,0
2007-01-31,70,0,0,0,0
2007-02-01,65,0,0,0,0
2007-02-02,64,0,0,0,0
2007-02-03,54,0,0,0,0
2007-02-04,61,0,0,0,0
2007-02-05,69,0,0,0,0
2007-02-06,69,0,0,0,0
2007-02-07,74,0,0,0,0
2007-02-08,66,0,0,0,0
2007-02-09,65,0,0,0,0
2007-02-10,56,0,0,0,0
2007-02-11,64,0,0,0,0
2007-02-12,67,0,0,0,0
2007-02-13,71,0,0,0,0
2007-02-14,61,0,0,0,0
2007-02-15,68,0,0,0,0
2007-02-16,63,0,0,0,0
2007-02-17,56,0,0,0,0
2007-02-18,64,0,0,0,0
2007-02-19,65,0,0,0,0
2007-02-20,69,0,0,0,0
2007-02-21,74,0,0,0,0
2007-02-22,72,0,0,0,0
2007-02-23,64,0,0,0,0
2007-02-24,53,0,0,0,0
2007-02-25,69,0,0,0,0
2007-02-26,73,0,0,0,0
2007-02-27,71,0,0,0,0
2007-02-28,72,0,0,0,0
2007-03-01,69,0,0,0,0
2007-03-02,62,0,0,0,0
2007-03-03,58,0,0,0,0
2007-03-04,69,0,0,0,0
2007-03-05,69,0,0,0,0
2007-03-06,74,0,0,0,0
2007-03-07,76,0,0,0,0
2007-03-08,75,0,0,0,0
2007-03-09,71,0,0,0,0
2007-03-10,62,0,0,0,0
2007-03-11,69,0,0,0,0
2007-03-12,81,0,0,0,0
2007-03-13,72,0,0,0,0
2007-03-14,78,0,0,0,0
2007-03-15,74,0,0,0,0
2007-03-16,69,0,0,0,0
2007-03-17,59,0,0,0,0
2007-03-18,74,0,0,0,0
2007-03-19,74,0,0,0,0
2007-03-20,74,0,0,0,0
2007-03-21,75,0,0,0,0
2007-03-22,71,0,0,0,0
2007-03-23,73,0,0,0,0
2007-03-24,87,0,0,0,0
2007-03-25,100,0,0,0,0
2007-03-26,83,0,0,0,0
2007-03-27,80,0,0,0,0
2007-03-28,82,0,0,0,0
2007-03-29,74,0,0,0,0
2007-03-30,72,0,0,0,0
2007-03-31,64,0,0,0,0
2007-04-01,76,0,0,0,0
2007-04-02,78,0,0,0,0
2007-04-03,78,0,0,0,0
2007-04-04,76,0,0,0,0
2007-04-05,70,0,0,0,0
2007-04-06,76,0,0,0,0
2007-04-07,74,0,0,0,0
2007-04-08,75,0,0,0,0
2007-04-09,74,0,0,0,0
2007-04-10,81,0,0,0,0
2007-04-11,77,0,0,0,0
2007-04-12,82,0,0,0,0
2007-04-13,74,0,0,0,0
2007-04-14,65,0,0,0,0
2007-04-15,79,0,0,0,0
2007-04-16,83,0,0,0,0
2007-04-17,85,0,0,0,0
2007-04-18,84,0,0,0,0
2007-04-19,80,0,0,0,0
2007-04-20,75,0,0,0,0
2007-04-21,65,0,0,0,0
2007-04-22,77,0,0,0,0
2007-04-23,81,0,0,0,0
2007-04-24,88,0,0,0,0
2007-04-25,83,0,0,0,0
2007-04-26,86,0,0,0,0
2007-04-27,76,0,0,0,0
2007-04-28,69,0,0,0,0
2007-04-29,82,0,0,0,0
2007-04-30,86,0,0,0,0
2007-05-01,94,0,0,0,0
2007-05-02,98,0,0,0,0
2007-05-03,92,0,0,0,0
2007-05-04,87,0,0,0,0
2007-05-05,69,0,0,0,0
2007-05-06,86,0,0,0,0
2007-05-07,91,0,0,0,0
2007-05-08,88,0,0,0,0
2007-05-09,95,0,0,0,0
2007-05-10,89,0,0,0,0
2007-05-11,90,0,0,0,0
2007-05-12,74,0,0,0,0
2007-05-13,91,0,0,0,0
2007-05-14,96,0,0,0,0
2007-05-15,100,0,0,0,0
2007-05-16,94,0,0,0,0
2007-05-17,90,0,0,0,0
2007-05-18,83,0,0,0,0
2007-05-19,76,0,0,0,0
2007-05-20,84,0,0,0,0
2007-05-21,97,0,0,0,0
2007-05-22,98,0,0,0,0
2007-05-23,90,0,0,0,0
2007-05-24,90,0,0,0,0
2007-05-25,84,0,0,0,0
2007-05-26,76,0,0,0,0
2007-05-27,81,0,0,0,0
2007-05-28,84,0,0,0,0
2007-05-29,91,0,0,0,0
2007-05-30,90,0,0,0,0
2007-05-31,84,0,0,0,0
2007-06-01,75,0,0,0,0
2007-06-02,72,0,0,0,0
2007-06-03,84,0,0,0,0
2007-06-04,89,0,0,0,0
2007-06-05,92,0,0,0,0
2007-06-06,88,0,0,0,0
2007-06-07,87,0,0,0,0
2007-06-08,75,0,0,0,0
2007-06-09,75,0,0,0,0
2007-06-10,79,0,0,0,0
2007-06-11,83,0,0,0,0
2007-06-12,88,0,0,0,0
2007-06-13,81,0,0,0,0
2007-06-14,79,0,0,0,0
2007-06-15,76,0,0,0,0
2007-06-16,67,0,0,0,0
2007-06-17,80,0,0,0,0
2007-06-18,82,0,0,0,0
2007-06-19,81,0,0,0,0
2007-06-20,80,0,0,0,0
2007-06-21,77,0,0,0,0
2007-06-22,70,0,0,0,0
2007-06-23,72,0,0,0,0
2007-06-24,88,0,0,0,0
2007-06-25,82,0,0,0,0
2007-06-26,82,0,0,0,0
2007-06-27,85,0,0,0,0
2007-06-28,78,0,0,0,0
2007-06-29,81,0,0,0,0
2007-06-30,40,0,0,0,0
2007-07-01,44,0,0,0,0
2007-07-02,45,0,0,0,0
2007-07-03,41,0,0,0,0
2007-07-04,41,0,0,0,0
2007-07-05,41,0,0,0,0
2007-07-06,36,0,0,0,0
2007-07-07,36,0,0,0,0
2007-07-08,42,0,0,0,0
2007-07-09,43,0,0,0,0
2007-07-10,43,0,0,0,0
2007-07-11,42,0,0,0,0
2007-07-12,39,0,0,0,0
2007-07-13,36,0,0,0,0
2007-07-14,42,0,0,0,0
2007-07-15,45,0,0,0,0
2007-07-16,44,0,0,0,0
2007-07-17,44,0,0,0,0
2007-07-18,43,0,0,0,0
2007-07-19,41,0,0,0,0
2007-07-20,38,0,0,0,0
2007-07-21,41,0,0,0,0
2007-07-22,42,0,0,0,0
2007-07-23,41,0,0,0,0
2007-07-24,42,0,0,0,0
2007-07-25,43,0,0,0,0
2007-07-26,45,0,0,0,0
2007-07-27,43,0,0,0,0
2007-07-28,39,0,0,0,0
2007-07-29,39,0,0,0,0
2007-07-30,41,0,0,0,0
2007-07-31,40,0,0,0,0
2007-08-01,40,0,0,0,0
2007-08-02,39,0,0,0,0
2007-08-03,34,0,0,0,0
2007-08-04,35,0,0,0,0
2007-08-05,41,0,0,0,0
2007-08-06,38,0,0,0,0
2007-08-07,37,0,0,0,0
2007-08-08,38,0,0,0,0
2007-08-09,35,0,0,0,0
2007-08-10,33,0,0,0,0
2007-08-11,34,0,0,0,0
2007-08-12,35,0,0,0,0
2007-08-13,39,0,0,0,0
2007-08-14,38,0,0,0,0
2007-08-15,34,0,0,0,0
2007-08-16,35,0,0,0,0
2007-08-17,35,0,0,0,0
2007-08-18,34,0,0,0,0
2007-08-19,38,0,0,0,0
2007-08-20,40,0,0,0,0
2007-08-21,35,0,0,0,0
2007-08-22,37,0,0,0,0
2007-08-23,36,0,0,0,0
2007-08-24,39,0,0,0,0
2007-08-25,62,0,0,0,0
2007-08-26,100,0,0,0,0
2007-08-27,96,0,0,0,0
2007-08-28,82,0,0,0,0
2007-08-29,64,0,0,0,0
2007-08-30,51,0,0,0,0
2007-08-31,42,0,0,0,0
2007-09-01,39,0,0,0,0
2007-09-02,43,0,0,0,0
2007-09-03,39,0,0,0,0
2007-09-04,42,0,0,0,0
2007-09-05,43,0,0,0,0
2007-09-06,41,0,0,0,0
2007-09-07,39,0,0,0,0
2007-09-08,35,0,0,0,0
2007-09-09,40,0,0,0,0
2007-09-10,38,0,0,0,0
2007-09-11,41,0,0,0,0
2007-09-12,42,0,0,0,0
2007-09-13,41,0,0,0,0
2007-09-14,39,0,0,0,0
2007-09-15,34,0,0,0,0
2007-09-16,43,0,0,0,0
2007-09-17,43,0,0,0,0
2007-09-18,40,0,0,0,0
2007-09-19,40,0,0,0,0
2007-09-20,36,0,0,0,0
2007-09-21,35,0,0,0,0
2007-09-22,29,0,0,0,0
2007-09-23,36,0,0,0,0
2007-09-24,37,0,0,0,0
2007-09-25,33,0,0,0,0
2007-09-26,34,0,0,0,0
2007-09-27,38,0,0,0,0
2007-09-28,76,0,0,0,0
2007-09-29,66,0,0,0,0
2007-09-30,73,0,0,0,0
2007-10-01,87,0,0,0,0
2007-10-02,87,0,0,0,0
2007-10-03,82,0,0,0,0
2007-10-04,81,0,0,0,0
2007-10-05,75,0,0,0,0
2007-10-06,67,0,0,0,0
2007-10-07,75,0,0,0,0
2007-10-08,81,0,0,0,0
2007-10-09,83,0,0,0,0
2007-10-10,82,0,0,0,0
2007-10-11,84,0,0,0,0
2007-10-12,78,0,0,0,0
2007-10-13,73,0,0,0,0
2007-10-14,78,0,0,0,0
2007-10-15,80,0,0,0,0
2007-10-16,77,0,0,0,0
2007-10-17,100,0,0,0,0
2007-10-18,84,0,0,0,0
2007-10-19,75,0,0,0,0
2007-10-20,67,0,0,0,0
2007-10-21,84,0,0,0,0
2007-10-22,69,0,0,0,0
2007-10-23,80,0,0,0,0
2007-10-24,74,0,0,0,0
2007-10-25,79,0,0,0,0
2007-10-26,66,0,0,0,0
2007-10-27,58,0,0,0,0
2007-10-28,69,0,0,0,0
2007-10-29,70,0,0,0,0
2007-10-30,75,0,0,0,0
2007-10-31,77,0,0,0,0
2007-11-01,79,0,0,0,0
2007-11-02,69,0,0,0,0
2007-11-03,58,0,0,0,0
2007-11-04,61,0,0,0,0
2007-11-05,81,0,0,0,0
2007-11-06,76,0,0,0,0
2007-11-07,72,0,0,0,0
2007-11-08,63,0,0,0,0
2007-11-09,66,0,0,0,0
2007-11-10,57,0,0,0,0
2007-11-11,67,0,0,0,0
2007-11-12,74,0,0,0,0
2007-11-13,75,0,0,0,0
2007-11-14,72,0,0,0,0
2007-11-15,72,0,0,0,0
2007-11-16,73,0,0,0,0
2007-11-17,61,0,0,0,0
2007-11-18,74,0,0,0,0
2007-11-19,72,0,0,0,0
2007-11-20,63,0,0,0,0
2007-11-21,61,0,0,0,0
2007-11-22,61,0,0,0,0
2007-11-23,58,0,0,0,0
2007-11-24,57,0,0,0,0
2007-11-25,63,0,0,0,0
2007-11-26,65,0,0,0,0
2007-11-27,77,0,0,0,0
2007-11-28,72,0,0,0,0
2007-11-29,76,0,0,0,0
2007-11-30,60,0,0,0,0
2007-12-01,53,0,0,0,0
2007-12-02,60,0,0,0,0
2007-12-03,72,0,0,0,0
2007-12-04,72,0,0,0,0
2007-12-05,74,0,0,0,0
2007-12-06,74,0,0,0,0
2007-12-07,61,0,0,0,0
2007-12-08,54,0,0,0,0
2007-12-09,64,0,0,0,0
2007-12-10,74,0,0,0,0
2007-12-11,72,0,0,0,0
2007-12-12,67,0,0,0,0
2007-12-13,66,0,0,0,0
2007-12-14,65,0,0,0,0
2007-12-15,56,0,0,0,0
2007-12-16,63,0,0,0,0
2007-12-17,66,0,0,0,0
2007-12-18,70,0,0,0,0
2007-12-19,64,0,0,0,0
2007-12-20,56,0,0,0,0
2007-12-21,47,0,0,0,0
2007-12-22,47,0,0,0,0
2007-12-23,47,0,0,0,0
2007-12-24,57,0,0,0,0
2007-12-25,49,0,0,0,0
2007-12-26,54,0,0,0,0
2007-12-27,60,0,0,0,0
2007-12-28,61,0,0,0,0
2007-12-29,61,0,0,0,0
2007-12-30,77,0,0,0,0
2007-12-31,62,0,0,0,0
2008-01-01,67,0,0,0,0
2008-01-02,74,0,0,0,0
2008-01-03,81,0,0,0,0
2008-01-04,75,0,0,0,0
2008-01-05,71,0,0,0,0
2008-01-06,95,0,0,0,0
2008-01-07,92,0,0,0,0
2008-01-08,91,0,0,0,0
2008-01-09,86,0,0,0,0
2008-01-10,94,0,0,0,0
2008-01-11,85,0,0,0,0
2008-01-12,78,0,0,0,0
2008-01-13,91,0,0,0,0
2008-01-14,94,0,0,0,0
2008-01-15,94,0,0,0,0
2008-01-16,96,0,0,0,0
2008-01-17,94,0,0,0,0
2008-01-18,85,0,0,0,0
2008-01-19,71,0,0,0,0
2008-01-20,90,0,0,0,0
2008-01-21,92,0,0,0,0
2008-01-22,89,0,0,0,0
2008-01-23,91,0,0,0,0
2008-01-24,91,0,0,0,0
2008-01-25,84,0,0,0,0
2008-01-26,70,0,0,0,0
2008-01-27,91,0,0,0,0
2008-01-28,91,0,0,0,0
2008-01-29,95,0,0,0,0
2008-01-30,92,0,0,0,0
2008-01-31,86,0,0,0,0
2008-02-01,84,0,0,0,0
2008-02-02,77,0,0,0,0
2008-02-03,91,0,0,0,0
2008-02-04,94,0,0,0,0
2008-02-05,98,0,0,0,0
2008-02-06,95,0,0,0,0
2008-02-07,95,0,0,0,0
2008-02-08,82,0,0,0,0
2008-02-09,76,0,0,0,0
2008-02-10,90,0,0,0,0
2008-02-11,91,0,0,0,0
2008-02-12,93,0,0,0,0
2008-02-13,95,0,0,0,0
2008-02-14,99,0,0,0,0
2008-02-15,89,0,0,0,0
2008-02-16,80,0,0,0,0
2008-02-17,95,0,0,0,0
2008-02-18,100,0,0,0,0
2008-02-19,100,0,0,0,0
2008-02-20,92,0,0,0,0
2008-02-21,92,0,0,0,0
2008-02-22,84,0,0,0,0
2008-02-23,77,0,0,0,0
2008-02-24,85,0,0,0,0
2008-02-25,98,0,0,0,0
2008-02-26,96,0,0,0,0
2008-02-27,99,0,0,0,0
2008-02-28,96,0,0,0,0
2008-02-29,87,0,0,0,0
2008-03-01,79,0,0,0,0
2008-03-02,84,0,0,0,0
2008-03-03,89,0,0,0,0
2008-03-04,94,0,0,0,0
2008-03-05,93,0,0,0,0
2008-03-06,91,0,0,0,0
2008-03-07,89,0,0,0,0
2008-03-08,79,0,0,0,0
2008-03-09,85,0,0,0,0
2008-03-10,89,0,0,0,0
2008-03-11,99,0,0,0,0
2008-03-12,97,0,0,0,0
2008-03-13,91,0,0,0,0
2008-03-14,83,0,0,0,0
2008-03-15,77,0,0,0,0
2008-03-16,85,0,0,0,0
2008-03-17,97,0,0,0,0
2008-03-18,94,0,0,0,0
2008-03-19,100,0,0,0,0
2008-03-20,87,0,0,0,0
2008-03-21,81,0,0,0,0
2008-03-22,77,0,0,0,0
2008-03-23,82,0,0,0,0
2008-03-24,98,0,0,0,0
2008-03-25,93,0,0,0,0
2008-03-26,61,0,0,0,0
2008-03-27,57,0,0,0,0
2008-03-28,54,0,0,0,0
2008-03-29,48,0,0,0,0
2008-03-30,58,0,0,0,0
2008-03-31,61,0,0,0,0
2008-04-01,58,0,0,0,0
2008-04-02,59,0,0,0,0
2008-04-03,62,0,0,0,0
2008-04-04,54,0,0,0,0
2008-04-05,49,0,0,0,0
2008-04-06,59,0,0,0,0
2008-04-07,62,0,0,0,0
2008-04-08,62,0,0,0,0
2008-04-09,57,0,0,0,0
2008-04-10,59,0,0,0,0
2008-04-11,54,0,0,0,0
2008-04-12,46,0,0,0,0
2008-04-13,59,0,0,0,0
2008-04-14,60,0,0,0,0
2008-04-15,62,0,0,0,0
2008-04-16,59,0,0,0,0
2008-04-17,58,0,0,0,0
2008-04-18,53,0,0,0,0
2008-04-19,48,0,0,0,0
2008-04-20,55,0,0,0,0
2008-04-21,62,0,0,0,0
2008-04-22,60,0,0,0,0
2008-04-23,62,0,0,0,0
2008-04-24,59,0,0,0,0
2008-04-25,51,0,0,0,0
2008-04-26,47,0,0,0,0
2008-04-27,54,0,0,0,0
2008-04-28,58,0,0,0,0
2008-04-29,60,0,0,0,0
2008-04-30,64,0,0,0,0
2008-05-01,69,0,0,0,0
2008-05-02,60,0,0,0,0
2008-05-03,51,0,0,0,0
2008-05-04,57,0,0,0,0
2008-05-05,66,0,0,0,0
2008-05-06,69,0,0,0,0
2008-05-07,64,0,0,0,0
2008-05-08,65,0,0,0,0
2008-05-09,59,0,0,0,0
2008-05-10,54,0,0,0,0
2008-05-11,65,0,0,0,0
2008-05-12,70,0,0,0,0
2008-05-13,67,0,0,0,0
2008-05-14,67,0,0,0,0
2008-05-15,64,0,0,0,0
2008-05-16,61,0,0,0,0
2008-05-17,53,0,0,0,0
2008-05-18,60,0,0,0,0
2008-05-19,65,0,0,0,0
2008-05-20,67,0,0,0,0
2008-05-21,67,0,0,0,0
2008-05-22,66,0,0,0,0
2008-05-23,59,0,0,0,0
2008-05-24,61,0,0,0,0
2008-05-25,78,0,0,0,0
2008-05-26,72,0,0,0,0
2008-05-27,66,0,0,0,0
2008-05-28,65,0,0,0,0
2008-05-29,64,0,0,0,0
2008-05-30,58,0,0,0,0
2008-05-31,56,0,0,0,0
2008-06-01,68,0,0,0,0
2008-06-02,67,0,0,0,0
2008-06-03,66,0,0,0,0
2008-06-04,70,0,0,0,0
2008-06-05,67,0,0,0,0
2008-06-06,59,0,0,0,0
2008-06-07,55,0,0,0,0
2008-06-08,87,0,0,0,0
2008-06-09,87,0,0,0,0
2008-06-10,100,0,0,0,0
2008-06-11,75,0,0,0,0
2008-06-12,68,0,0,0,0
2008-06-13,58,0,0,0,0
2008-06-14,70,0,0,0,0
2008-06-15,70,0,0,0,0
2008-06-16,64,0,0,0,0
2008-06-17,62,0,0,0,0
2008-06-18,72,0,0,0,0
2008-06-19,67,0,0,0,0
2008-06-20,56,0,0,0,0
2008-06-21,56,0,0,0,0
2008-06-22,61,0,0,0,0
2008-06-23,60,0,0,0,0
2008-06-24,66,0,0,0,0
2008-06-25,67,0,0,0,0
2008-06-26,67,0,0,0,0
2008-06-27,60,0,0,0,0
2008-06-28,58,0,0,0,0
2008-06-29,68,0,0,0,0
2008-06-30,66,0,0,0,0
2008-07-01,63,0,0,0,0
2008-07-02,68,0,0,0,0
2008-07-03,64,0,0,0,0
2008-07-04,59,0,0,0,0
2008-07-05,62,0,0,0,0
2008-07-06,69,0,0,0,0
2008-07-07,69,0,0,0,0
2008-07-08,65,0,0,0,0
2008-07-09,66,0,0,0,0
2008-07-10,63,0,0,0,0
2008-07-11,62,0,0,0,0
2008-07-12,56,0,0,0,0
2008-07-13,63,0,0,0,0
2008-07-14,75,0,0,0,0
2008-07-15,77,0,0,0,0
2008-07-16,70,0,0,0,0
2008-07-17,63,0,0,0,0
2008-07-18,60,0,0,0,0
2008-07-19,65,0,0,0,0
2008-07-20,74,0,0,0,0
2008-07-21,71,0,0,0,0
2008-07-22,71,0,0,0,0
2008-07-23,64,0,0,0,0
2008-07-24,68,0,0,0,0
2008-07-25,64,0,0,0,0
2008-07-26,69,0,0,0,0
2008-07-27,69,0,0,0,0
2008-07-28,72,0,0,0,0
2008-07-29,63,0,0,0,0
2008-07-30,65,0,0,0,0
2008-07-31,64,0,0,0,0
2008-08-01,61,0,0,0,0
2008-08-02,59,0,0,0,0
2008-08-03,69,0,0,0,0
2008-08-04,72,0,0,0,0
2008-08-05,66,0,0,0,0
2008-08-06,63,0,0,0,0
2008-08-07,62,0,0,0,0
2008-08-08,56,0,0,0,0
2008-08-09,64,0,0,0,0
2008-08-10,78,0,0,0,0
2008-08-11,65,0,0,0,0
2008-08-12,67,0,0,0,0
2008-08-13,70,0,0,0,0
2008-08-14,100,0,0,0,0
2008-08-15,67,0,0,0,0
2008-08-16,63,0,0,0,0
2008-08-17,68,0,0,0,0
2008-08-18,68,0,0,0,0
2008-08-19,62,0,0,0,0
2008-08-20,64,0,0,0,0
2008-08-21,58,0,0,0,0
2008-08-22,56,0,0,0,0
2008-08-23,47,0,0,0,0
2008-08-24,64,0,0,0,0
2008-08-25,63,0,0,0,0
2008-08-26,63,0,0,0,0
2008-08-27,65,0,0,0,0
2008-08-28,57,0,0,0,0
2008-08-29,59,0,0,0,0
2008-08-30,50,0,0,0,0
2008-08-31,66,0,0,0,0
2008-09-01,66,0,0,0,0
2008-09-02,60,0,0,0,0
2008-09-03,67,0,0,0,0
2008-09-04,64,0,0,0,0
2008-09-05,59,0,0,0,0
2008-09-06,59,0,0,0,0
2008-09-07,70,0,0,0,0
2008-09-08,64,0,0,0,0
2008-09-09,65,0,0,0,0
2008-09-10,66,0,0,0,0
2008-09-11,65,0,0,0,0
2008-09-12,64,0,0,0,0
2008-09-13,52,0,0,0,0
2008-09-14,59,0,0,0,0
2008-09-15,68,0,0,0,0
2008-09-16,68,0,0,0,0
2008-09-17,65,0,0,0,0
2008-09-18,63,0,0,0,0
2008-09-19,56,0,0,0,0
2008-09-20,50,0,0,0,0
2008-09-21,60,0,0,0,0
2008-09-22,81,0,0,0,0
2008-09-23,79,0,0,0,0
2008-09-24,83,0,0,0,0
2008-09-25,85,0,0,0,0
2008-09-26,75,0,0,0,0
2008-09-27,61,0,0,0,0
2008-09-28,77,0,0,0,0
2008-09-29,73,0,0,0,0
2008-09-30,75,0,0,0,0
2008-10-01,77,0,0,0,0
2008-10-02,75,0,0,0,0
2008-10-03,69,0,0,0,0
2008-10-04,63,0,0,0,0
2008-10-05,72,0,0,0,0
2008-10-06,71,0,0,0,0
2008-10-07,75,0,0,0,0
2008-10-08,76,0,0,0,0
2008-10-09,72,0,0,0,0
2008-10-10,65,0,0,0,0
2008-10-11,60,0,0,0,0
2008-10-12,65,0,0,0,0
2008-10-13,75,0,0,0,0
2008-10-14,73,0,0,0,0
2008-10-15,72,0,0,0,0
2008-10-16,70,0,0,0,0
2008-10-17,62,0,0,0,0
2008-10-18,59,0,0,0,0
2008-10-19,68,0,0,0,0
2008-10-20,72,0,0,0,0
2008-10-21,74,0,0,0,0
2008-10-22,69,0,0,0,0
2008-10-23,64,0,0,0,0
2008-10-24,66,0,0,0,0
2008-10-25,55,0,0,0,0
2008-10-26,65,0,0,0,0
2008-10-27,68,0,0,0,0
2008-10-28,62,0,0,0,0
2008-10-29,63,0,0,0,0
2008-10-30,62,0,0,0,0
2008-10-31,55,0,0,0,0
2008-11-01,48,0,0,0,0
2008-11-02,59,0,0,0,0
2008-11-03,66,0,0,0,0
2008-11-04,61,0,0,0,0
2008-11-05,58,0,0,0,0
2008-11-06,68,0,0,0,0
2008-11-07,60,0,0,0,0
2008-11-08,48,0,0,0,0
2008-11-09,62,0,0,0,0
2008-11-10,63,0,0,0,0
2008-11-11,70,0,0,0,0
2008-11-12,64,0,0,0,0
2008-11-13,63,0,0,0,0
2008-11-14,62,0,0,0,0
2008-11-15,53,0,0,0,0
2008-11-16,60,0,0,0,0
2008-11-17,64,0,0,0,0
2008-11-18,63,0,0,0,0
2008-11-19,66,0,0,0,0
2008-11-20,68,0,0,0,0
2008-11-21,57,0,0,0,0
2008-11-22,49,0,0,0,0
2008-11-23,60,0,0,0,0
2008-11-24,65,0,0,0,0
2008-11-25,61,0,0,0,0
2008-11-26,57,0,0,0,0
2008-11-27,53,0,0,0,0
2008-11-28,50,0,0,0,0
2008-11-29,57,0,0,0,0
2008-11-30,64,0,0,0,0
2008-12-01,62,0,0,0,0
2008-12-02,68,0,0,0,0
2008-12-03,66,0,0,0,0
2008-12-04,63,0,0,0,0
2008-12-05,61,0,0,0,0
2008-12-06,52,0,0,0,0
2008-12-07,76,0,0,0,0
2008-12-08,100,0,0,0,0
2008-12-09,100,0,0,0,0
2008-12-10,92,0,0,0,0
2008-12-11,86,0,0,0,0
2008-12-12,72,0,0,0,0
2008-12-13,63,0,0,0,0
2008-12-14,71,0,0,0,0
2008-12-15,72,0,0,0,0
2008-12-16,70,0,0,0,0
2008-12-17,68,0,0,0,0
2008-12-18,64,0,0,0,0
2008-12-19,59,0,0,0,0
2008-12-20,54,0,0,0,0
2008-12-21,67,0,0,0,0
2008-12-22,67,0,0,0,0
2008-12-23,65,0,0,0,0
2008-12-24,59,0,0,0,0
2008-12-25,59,0,0,0,0
2008-12-26,65,0,0,0,0
2008-12-27,69,0,0,0,0
2008-12-28,72,0,0,0,0
2008-12-29,71,0,0,0,0
2008-12-30,72,0,0,0,0
2008-12-31,65,0,0,0,0
2009-01-01,74,0,0,0,0
2009-01-02,75,0,0,0,0
2009-01-03,83,0,0,0,0
2009-01-04,90,0,0,0,0
2009-01-05,84,0,0,0,0
2009-01-06,86,0,0,0,0
2009-01-07,96,0,0,0,0
2009-01-08,91,0,0,0,0
2009-01-09,91,0,0,0,0
2009-01-10,81,0,0,0,0
2009-01-11,97,0,0,0,0
2009-01-12,97,0,0,0,0
2009-01-13,99,0,0,0,0
2009-01-14,95,0,0,0,0
2009-01-15,92,0,0,0,0
2009-01-16,88,0,0,0,0
2009-01-17,79,0,0,0,0
2009-01-18,93,0,0,0,0
2009-01-19,92,0,0,0,0
2009-01-20,86,0,0,0,0
2009-01-21,95,0,0,0,0
2009-01-22,93,0,0,0,0
2009-01-23,86,0,0,0,0
2009-01-24,85,0,0,0,0
2009-01-25,94,0,0,0,0
2009-01-26,93,0,0,0,0
2009-01-27,91,0,0,0,0
2009-01-28,89,0,0,0,0
2009-01-29,89,0,0,0,0
2009-01-30,89,0,0,0,0
2009-01-31,87,0,0,0,0
2009-02-01,88,0,0,0,0
2009-02-02,87,0,0,0,0
2009-02-03,89,0,0,0,0
2009-02-04,93,0,0,0,0
2009-02-05,88,0,0,0,0
2009-02-06,86,0,0,0,0
2009-02-07,82,0,0,0,0
2009-02-08,91,0,0,0,0
2009-02-09,92,0,0,0,0
2009-02-10,90,0,0,0,0
2009-02-11,92,0,0,0,0
2009-02-12,95,0,0,0,0
2009-02-13,77,0,0,0,0
2009-02-14,73,0,0,0,0
2009-02-15,84,0,0,0,0
2009-02-16,82,0,0,0,0
2009-02-17,88,0,0,0,0
2009-02-18,95,0,0,0,0
2009-02-19,90,0,0,0,0
2009-02-20,88,0,0,0,0
2009-02-21,81,0,0,0,0
2009-02-22,97,0,0,0,0
2009-02-23,99,0,0,0,0
2009-02-24,100,0,0,0,0
2009-02-25,99,0,0,0,0
2009-02-26,90,0,0,0,0
2009-02-27,83,0,0,0,0
2009-02-28,78,0,0,0,0
2009-03-01,86,0,0,0,0
2009-03-02,85,0,0,0,0
2009-03-03,96,0,0,0,0
2009-03-04,93,0,0,0,0
2009-03-05,94,0,0,0,0
2009-03-06,88,0,0,0,0
2009-03-07,78,0,0,0,0
2009-03-08,92,0,0,0,0
2009-03-09,96,0,0,1,0
2009-03-10,96,0,0,0,0
2009-03-11,95,0,0,0,0
2009-03-12,92,0,0,0,0
2009-03-13,86,0,0,0,0
2009-03-14,80,0,0,0,0
2009-03-15,91,0,0,0,0
2009-03-16,97,0,0,0,0
2009-03-17,96,0,0,0,0
2009-03-18,96,0,0,0,0
2009-03-19,93,0,0,0,0
2009-03-20,92,0,0,0,0
2009-03-21,63,0,0,0,0
2009-03-22,68,0,0,0,0
2009-03-23,79,0,0,0,0
2009-03-24,74,0,0,0,0
2009-03-25,73,0,0,0,0
2009-03-26,69,0,0,0,0
2009-03-27,70,0,0,0,0
2009-03-28,68,0,0,0,0
2009-03-29,73,0,0,0,0
2009-03-30,75,0,0,0,0
2009-03-31,76,0,0,0,0
2009-04-01,75,0,0,0,0
2009-04-02,75,0,0,0,0
2009-04-03,68,0,0,0,0
2009-04-04,65,0,0,0,0
2009-04-05,72,0,0,0,0
2009-04-06,74,0,0,0,0
2009-04-07,76,0,0,0,0
2009-04-08,71,0,0,0,0
2009-04-09,70,0,0,0,0
2009-04-10,73,0,0,0,0
2009-04-11,67,0,0,0,0
2009-04-12,75,0,0,0,0
2009-04-13,80,0,0,0,0
2009-04-14,73,0,0,0,0
2009-04-15,78,0,0,0,0
2009-04-16,67,0,0,0,0
2009-04-17,59,0,0,0,0
2009-04-18,54,0,0,0,0
2009-04-19,64,0,0,0,0
2009-04-20,71,0,0,0,0
2009-04-21,79,0,0,0,0
2009-04-22,80,0,0,0,0
2009-04-23,75,0,0,0,0
2009-04-24,70,0,0,0,0
2009-04-25,68,0,0,0,0
2009-04-26,77,0,0,0,0
2009-04-27,81,0,0,0,0
2009-04-28,84,0,0,0,0
2009-04-29,86,0,0,0,0
2009-04-30,81,0,0,0,0
2009-05-01,76,0,0,0,0
2009-05-02,70,0,0,0,0
2009-05-03,78,0,0,0,0
2009-05-04,87,0,0,0,0
2009-05-05,84,0,0,0,0
2009-05-06,82,0,0,0,0
2009-05-07,81,0,0,0,0
2009-05-08,78,0,0,0,0
2009-05-09,72,0,0,0,0
2009-05-10,82,0,0,0,0
2009-05-11,88,0,0,0,0
2009-05-12,89,0,0,0,0
2009-05-13,87,0,0,0,0
2009-05-14,93,0,0,0,0
2009-05-15,84,0,0,0,0
2009-05-16,87,0,0,0,0
2009-05-17,100,0,0,0,0
2009-05-18,94,0,0,0,0
2009-05-19,88,0,0,0,0
2009-05-20,85,0,0,0,0
2009-05-21,87,0,0,0,0
2009-05-22,79,0,0,0,0
2009-05-23,71,0,0,0,0
2009-05-24,79,0,0,0,0
2009-05-25,83,0,0,0,0
2009-05-26,91,0,0,0,0
2009-05-27,86,0,0,0,0
2009-05-28,83,0,0,0,0
2009-05-29,80,0,0,0,0
2009-05-30,75,0,0,0,0
2009-05-31,84,0,0,0,0
2009-06-01,88,0,0,0,0
2009-06-02,88,0,0,0,0
2009-06-03,86,0,0,0,0
2009-06-04,77,0,0,0,0
2009-06-05,76,0,0,0,0
2009-06-06,75,0,0,0,0
2009-06-07,84,0,0,0,0
2009-06-08,81,0,0,0,0
2009-06-09,86,0,0,0,0
2009-06-10,86,0,0,0,0
2009-06-11,85,0,0,0,0
2009-06-12,80,0,0,0,0
2009-06-13,74,0,0,0,0
2009-06-14,80,0,0,0,0
2009-06-15,87,0,0,0,0
2009-06-16,85,0,0,0,0
2009-06-17,85,0,0,0,0
2009-06-18,82,0,0,0,0
2009-06-19,74,0,0,0,0
2009-06-20,76,0,0,0,0
2009-06-21,84,0,0,0,0
2009-06-22,83,0,0,0,0
2009-06-23,82,0,0,0,0
2009-06-24,80,0,0,0,0
2009-06-25,79,0,0,0,0
2009-06-26,72,0,0,0,0
2009-06-27,67,0,0,0,0
2009-06-28,85,0,0,0,0
2009-06-29,81,0,0,0,0
2009-06-30,76,0,0,0,0
2009-07-01,81,0,0,0,0
2009-07-02,79,0,0,0,0
2009-07-03,74,0,0,0,0
2009-07-04,74,0,0,0,0
2009-07-05,75,0,0,0,0
2009-07-06,79,0,0,0,0
2009-07-07,75,0,0,0,0
2009-07-08,73,0,0,0,0
2009-07-09,75,0,0,0,0
2009-07-10,74,0,0,0,0
2009-07-11,72,0,0,0,0
2009-07-12,83,0,0,0,0
2009-07-13,87,0,0,0,0
2009-07-14,81,0,0,0,0
2009-07-15,74,0,0,0,0
2009-07-16,77,0,0,0,0
2009-07-17,72,0,0,0,0
2009-07-18,66,0,0,0,0
2009-07-19,83,0,0,0,0
2009-07-20,81,0,0,0,0
2009-07-21,84,0,0,0,0
2009-07-22,81,0,0,0,0
2009-07-23,75,0,0,0,0
2009-07-24,69,0,0,0,0
2009-07-25,70,0,0,0,0
2009-07-26,80,0,0,0,0
2009-07-27,76,0,0,0,0
2009-07-28,76,0,0,0,0
2009-07-29,73,0,0,0,0
2009-07-30,71,0,0,0,0
2009-07-31,72,0,0,0,0
2009-08-01,71,0,0,0,0
2009-08-02,76,0,0,0,0
2009-08-03,82,0,0,0,0
2009-08-04,75,0,0,0,0
2009-08-05,71,0,0,0,0
2009-08-06,69,0,0,0,0
2009-08-07,71,0,0,0,0
2009-08-08,71,0,0,0,0
2009-08-09,74,0,0,0,0
2009-08-10,74,0,0,0,0
2009-08-11,76,0,0,0,0
2009-08-12,75,0,0,0,0
2009-08-13,69,0,0,0,0
2009-08-14,62,0,0,0,0
2009-08-15,65,0,0,0,0
2009-08-16,75,0,0,0,0
2009-08-17,67,0,0,0,0
2009-08-18,74,0,0,0,0
2009-08-19,73,0,0,0,0
2009-08-20,69,0,0,0,0
2009-08-21,61,0,0,0,0
2009-08-22,73,0,0,0,0
2009-08-23,100,0,0,0,0
2009-08-24,99,0,0,0,0
2009-08-25,77,0,0,0,0
2009-08-26,73,0,0,0,0
2009-08-27,74,0,0,0,0
2009-08-28,67,0,0,0,0
2009-08-29,69,0,0,0,0
2009-08-30,73,0,0,0,0
2009-08-31,76,0,0,0,0
2009-09-01,72,0,0,0,0
2009-09-02,75,0,0,0,0
2009-09-03,75,0,0,0,0
2009-09-04,72,0,0,0,0
2009-09-05,68,0,0,0,0
2009-09-06,74,0,0,0,0
2009-09-07,81,0,0,0,0
2009-09-08,83,0,0,0,0
2009-09-09,83,0,0,0,0
2009-09-10,76,0,0,0,0
2009-09-11,76,0,0,0,0
2009-09-12,72,0,0,0,0
2009-09-13,82,0,0,0,0
2009-09-14,81,0,0,0,0
2009-09-15,81,0,0,0,0
2009-09-16,77,0,0,0,0
2009-09-17,87,0,0,0,0
2009-09-18,92,0,0,0,0
2009-09-19,83,0,0,0,0
2009-09-20,92,0,0,0,0
2009-09-21,88,0,0,0,0
2009-09-22,95,0,0,0,0
2009-09-23,88,0,0,0,0
2009-09-24,86,0,0,0,0
2009-09-25,80,0,0,0,0
2009-09-26,74,0,0,0,0
2009-09-27,81,0,0,0,0
2009-09-28,92,0,0,0,0
2009-09-29,84,0,0,0,0
2009-09-30,87,0,0,0,0
2009-10-01,85,0,0,0,0
2009-10-02,80,0,0,0,0
2009-10-03,80,0,0,0,0
2009-10-04,96,0,0,0,0
2009-10-05,86,0,0,0,0
2009-10-06,89,0,0,0,0
2009-10-07,80,0,0,0,0
2009-10-08,84,0,0,0,0
2009-10-09,78,0,0,0,0
2009-10-10,77,0,0,0,0
2009-10-11,87,0,0,0,0
2009-10-12,92,0,0,0,0
2009-10-13,87,0,0,0,0
2009-10-14,88,0,0,0,0
2009-10-15,81,0,0,0,0
2009-10-16,76,0,0,0,0
2009-10-17,71,0,0,0,0
2009-10-18,78,0,0,0,0
2009-10-19,85,0,0,0,0
2009-10-20,89,0,0,0,0
2009-10-21,84,0,0,0,0
2009-10-22,81,0,0,0,0
2009-10-23,79,0,0,0,0
2009-10-24,70,0,0,0,0
2009-10-25,87,0,0,0,0
2009-10-26,79,0,0,0,0
2009-10-27,78,0,0,0,0
2009-10-28,76,0,0,0,0
2009-10-29,78,0,0,0,0
2009-10-30,70,0,0,0,0
2009-10-31,82,0,0,0,0
2009-11-01,80,0,0,0,0
2009-11-02,79,0,0,0,0
2009-11-03,82,0,0,0,0
2009-11-04,83,0,0,0,0
2009-11-05,78,0,0,0,0
2009-11-06,80,0,0,0,0
2009-11-07,69,0,0,0,0
2009-11-08,75,0,0,0,0
2009-11-09,80,0,0,0,0
2009-11-10,79,0,0,0,0
2009-11-11,78,0,0,0,0
2009-11-12,78,0,0,0,0
2009-11-13,79,0,0,0,0
2009-11-14,89,0,0,0,0
2009-11-15,80,0,0,0,0
2009-11-16,87,0,0,0,0
2009-11-17,86,0,0,0,0
2009-11-18,100,0,0,0,0
2009-11-19,87,0,0,0,0
2009-11-20,75,0,0,0,0
2009-11-21,67,0,0,0,0
2009-11-22,76,0,0,0,0
2009-11-23,81,0,0,0,0
2009-11-24,78,0,0,0,0
2009-11-25,68,0,0,0,0
2009-11-26,66,0,0,0,0
2009-11-27,64,0,0,0,0
2009-11-28,68,0,0,0,0
2009-11-29,75,0,0,0,0
2009-11-30,78,0,0,0,0
2009-12-01,78,0,0,0,0
2009-12-02,79,0,0,0,0
2009-12-03,79,0,0,0,0
2009-12-04,74,0,0,0,0
2009-12-05,69,0,0,0,0
2009-12-06,71,0,0,0,0
2009-12-07,85,0,0,0,0
2009-12-08,88,0,1,0,0
2009-12-09,83,0,1,0,0
2009-12-10,83,0,1,0,0
2009-12-11,78,0,1,0,0
2009-12-12,68,0,0,0,0
2009-12-13,74,0,0,0,0
2009-12-14,84,0,1,0,0
2009-12-15,83,0,0,0,0
2009-12-16,65,0,1,0,0
2009-12-17,64,0,1,0,0
2009-12-18,61,0,0,0,0
2009-12-19,56,0,0,0,0
2009-12-20,57,0,0,0,0
2009-12-21,59,0,0,0,0
2009-12-22,54,0,0,0,0
2009-12-23,55,0,0,0,0
2009-12-24,46,0,0,0,0
2009-12-25,48,0,0,0,0
2009-12-26,55,0,0,0,0
2009-12-27,61,0,0,0,0
2009-12-28,60,0,0,0,0
2009-12-29,63,0,0,0,0
2009-12-30,60,0,0,0,0
2009-12-31,53,0,0,0,0
2010-01-01,63,0,0,0,0
2010-01-02,65,0,0,0,0
2010-01-03,72,0,0,0,0
2010-01-04,70,0,0,0,0
2010-01-05,72,0,0,0,0
2010-01-06,70,0,0,0,0
2010-01-07,73,0,0,0,0
2010-01-08,69,0,0,0,0
2010-01-09,65,0,0,0,0
2010-01-10,75,0,0,0,0
2010-01-11,81,0,0,0,0
2010-01-12,80,0,0,0,0
2010-01-13,77,0,0,0,0
2010-01-14,77,0,0,0,0
2010-01-15,75,0,0,0,0
2010-01-16,77,0,0,0,0
2010-01-17,80,0,0,0,0
2010-01-18,78,0,0,0,0
2010-01-19,80,0,0,0,0
2010-01-20,79,0,0,0,0
2010-01-21,80,0,0,0,0
2010-01-22,79,0,0,0,0
2010-01-23,73,0,0,0,0
2010-01-24,82,0,0,0,0
2010-01-25,75,0,0,0,0
2010-01-26,83,0,0,0,0
2010-01-27,79,0,0,0,0
2010-01-28,78,0,0,0,0
2010-01-29,75,0,1,0,0
2010-01-30,75,0,0,0,0
2010-01-31,80,0,0,0,0
2010-02-01,82,0,1,0,0
2010-02-02,83,0,1,0,0
2010-02-03,83,0,0,1,0
2010-02-04,79,0,1,0,0
2010-02-05,79,0,2,1,0
2010-02-06,78,0,1,0,0
2010-02-07,83,0,1,1,0
2010-02-08,83,0,1,1,0
2010-02-09,92,1,2,1,0
2010-02-10,93,2,2,1,0
2010-02-11,96,2,3,3,0
2010-02-12,88,1,2,2,0
2010-02-13,86,0,1,1,0
2010-02-14,83,0,1,1,0
2010-02-15,81,0,1,2,0
2010-02-16,100,0,1,2,0
2010-02-17,88,0,1,1,0
2010-02-18,86,0,1,1,0
2010-02-19,81,0,1,1,0
2010-02-20,74,0,1,1,0
2010-02-21,88,0,0,1,0
2010-02-22,90,0,1,1,0
2010-02-23,83,0,1,1,0
2010-02-24,89,0,1,1,0
2010-02-25,89,0,1,2,0
2010-02-26,81,0,1,1,0
2010-02-27,78,0,1,1,0
2010-02-28,83,0,1,1,0
2010-03-01,91,0,1,1,0
2010-03-02,87,0,1,1,0
2010-03-03,92,0,1,2,0
2010-03-04,91,0,1,1,0
2010-03-05,89,0,1,1,0
2010-03-06,75,0,1,1,0
2010-03-07,87,0,1,1,0
2010-03-08,89,0,1,1,0
2010-03-09,89,0,1,1,0
2010-03-10,88,0,1,1,0
2010-03-11,91,0,0,1,0
2010-03-12,83,0,1,1,0
2010-03-13,80,0,0,0,0
2010-03-14,84,0,1,1,0
2010-03-15,85,0,1,1,0
2010-03-16,43,0,0,0,0
2010-03-17,40,0,0,0,0
2010-03-18,43,0,0,1,0
2010-03-19,39,0,0,0,0
2010-03-20,36,0,0,0,0
2010-03-21,41,0,0,0,0
2010-03-22,43,0,1,1,0
2010-03-23,43,0,0,1,0
2010-03-24,43,0,1,1,0
2010-03-25,41,0,1,1,0
2010-03-26,40,0,0,0,0
2010-03-27,34,0,0,0,0
2010-03-28,41,0,0,0,0
2010-03-29,42,0,0,1,0
2010-03-30,41,0,0,0,0
2010-03-31,38,0,0,0,0
2010-04-01,36,0,0,0,0
2010-04-02,32,0,0,0,0
2010-04-03,31,0,0,0,0
2010-04-04,32,0,0,0,0
2010-04-05,38,0,0,0,0
2010-04-06,41,0,0,0,0
2010-04-07,40,0,0,0,0
2010-04-08,45,0,1,1,0
2010-04-09,44,0,1,1,0
2010-04-10,36,0,0,1,0
2010-04-11,46,0,0,0,0
2010-04-12,46,0,1,1,0
2010-04-13,46,0,0,1,0
2010-04-14,43,0,0,0,0
2010-04-15,43,0,0,0,0
2010-04-16,41,0,0,0,0
2010-04-17,38,0,0,0,0
2010-04-18,44,0,0,0,0
2010-04-19,45,0,0,0,0
2010-04-20,44,0,0,1,0
2010-04-21,44,0,0,0,0
2010-04-22,46,0,1,1,0
2010-04-23,46,0,1,1,0
2010-04-24,40,0,0,1,0
2010-04-25,46,0,1,1,0
2010-04-26,49,0,1,1,0
2010-04-27,54,0,2,2,0
2010-04-28,65,0,3,3,0
2010-04-29,58,0,2,3,0
2010-04-30,51,0,1,2,0
2010-05-01,44,0,1,2,0
2010-05-02,55,1,1,2,0
2010-05-03,56,1,1,2,0
2010-05-04,57,1,1,2,0
2010-05-05,84,1,2,4,0
2010-05-06,94,1,3,6,0
2010-05-07,81,1,3,5,0
2010-05-08,58,0,2,3,0
2010-05-09,57,1,1,3,0
2010-05-10,63,1,1,3,0
2010-05-11,54,1,1,2,0
2010-05-12,51,1,1,2,0
2010-05-13,53,1,1,2,0
2010-05-14,48,1,1,2,0
2010-05-15,43,0,1,1,0
2010-05-16,47,0,1,1,0
2010-05-17,51,0,1,2,0
2010-05-18,51,0,1,1,0
2010-05-19,49,0,1,1,0
2010-05-20,50,0,1,2,0
2010-05-21,45,0,0,1,0
2010-05-22,40,0,0,1,0
2010-05-23,45,0,0,1,0
2010-05-24,50,0,0,1,0
2010-05-25,52,0,0,1,0
2010-05-26,50,0,0,1,0
2010-05-27,48,0,0,1,0
2010-05-28,44,0,0,1,0
2010-05-29,50,0,0,1,0
2010-05-30,57,0,0,1,0
2010-05-31,48,0,0,1,0
2010-06-01,47,0,0,1,0
2010-06-02,47,0,0,1,0
2010-06-03,48,0,0,1,0
2010-06-04,44,0,0,1,0
2010-06-05,42,0,0,0,0
2010-06-06,48,0,0,1,0
2010-06-07,48,0,0,1,0
2010-06-08,47,0,0,1,0
2010-06-09,46,0,0,1,0
2010-06-10,46,0,0,0,0
2010-06-11,46,0,0,0,0
2010-06-12,100,0,0,0,0
2010-06-13,56,0,0,1,0
2010-06-14,61,0,1,1,0
2010-06-15,55,0,0,1,0
2010-06-16,56,0,0,0,0
2010-06-17,100,0,0,0,0
2010-06-18,62,0,1,1,0
2010-06-19,50,0,0,1,0
2010-06-20,56,0,0,0,0
2010-06-21,58,0,0,0,0
2010-06-22,97,0,0,1,0
2010-06-23,74,0,0,0,0
2010-06-24,52,0,0,1,0
2010-06-25,51,0,0,0,0
2010-06-26,47,0,0,0,0
2010-06-27,50,0,0,0,0
2010-06-28,50,0,0,0,0
2010-06-29,53,0,0,0,0
2010-06-30,51,0,0,1,0
2010-07-01,47,0,0,0,0
2010-07-02,43,0,0,0,0
2010-07-03,42,0,0,0,0
2010-07-04,48,0,0,0,0
2010-07-05,49,0,0,0,0
2010-07-06,49,0,0,0,0
2010-07-07,45,0,0,0,0
2010-07-08,49,0,0,0,0
2010-07-09,45,0,0,0,0
2010-07-10,41,0,0,0,0
2010-07-11,48,0,0,0,0
2010-07-12,51,0,0,0,0
2010-07-13,50,0,0,0,0
2010-07-14,47,0,0,0,0
2010-07-15,45,0,0,0,0
2010-07-16,42,0,0,0,0
2010-07-17,42,0,0,0,0
2010-07-18,49,0,0,0,0
2010-07-19,47,0,0,0,0
2010-07-20,46,0,0,0,0
2010-07-21,43,0,0,0,0
2010-07-22,46,0,0,0,0
2010-07-23,40,0,0,0,0
2010-07-24,40,0,0,0,0
2010-07-25,46,0,0,0,0
2010-07-26,45,0,0,0,0
2010-07-27,44,0,0,0,0
2010-07-28,44,0,0,0,0
2010-07-29,43,0,0,0,0
2010-07-30,42,0,0,0,0
2010-07-31,43,0,0,0,0
2010-08-01,45,0,0,0,0
2010-08-02,44,0,0,0,0
2010-08-03,41,0,0,0,0
2010-08-04,40,0,0,0,0
2010-08-05,40,0,0,0,0
2010-08-06,39,0,0,0,0
2010-08-07,39,0,0,0,0
2010-08-08,44,0,0,0,0
2010-08-09,42,0,0,0,0
2010-08-10,41,0,0,0,0
2010-08-11,43,0,0,0,0
2010-08-12,41,0,0,0,0
2010-08-13,41,0,0,0,0
2010-08-14,35,0,0,0,0
2010-08-15,38,0,0,0,0
2010-08-16,39,0,0,0,0
2010-08-17,41,0,0,0,0
2010-08-18,40,0,0,0,0
2010-08-19,40,0,0,0,0
2010-08-20,44,0,0,0,0
2010-08-21,39,0,0,0,0
2010-08-22,45,0,0,0,0
2010-08-23,42,0,0,0,0
2010-08-24,44,0,0,0,0
2010-08-25,48,0,0,0,0
2010-08-26,44,0,0,0,0
2010-08-27,40,0,0,0,0
2010-08-28,39,0,0,0,0
2010-08-29,43,0,0,0,0
2010-08-30,42,0,0,0,0
2010-08-31,49,0,0,0,0
2010-09-01,43,0,0,0,0
2010-09-02,43,0,0,0,0
2010-09-03,41,0,0,0,0
2010-09-04,43,0,0,1,0
2010-09-05,45,0,0,0,0
2010-09-06,46,0,0,0,0
2010-09-07,44,0,0,0,0
2010-09-08,45,0,0,0,0
2010-09-09,43,0,0,0,0
2010-09-10,42,0,0,0,0
2010-09-11,41,0,0,0,0
2010-09-12,96,0,0,0,0
2010-09-13,94,0,0,1,0
2010-09-14,93,0,0,1,0
2010-09-15,93,0,0,0,0
2010-09-16,93,0,0,0,0
2010-09-17,88,0,0,0,0
2010-09-18,80,0,0,0,0
2010-09-19,90,0,0,0,0
2010-09-20,97,0,0,0,0
2010-09-21,96,0,0,1,0
2010-09-22,91,0,0,0,0
2010-09-23,93,0,0,0,0
2010-09-24,87,0,0,0,0
2010-09-25,82,0,0,0,0
2010-09-26,88,0,0,0,0
2010-09-27,87,0,0,0,0
2010-09-28,91,0,0,0,0
2010-09-29,86,0,0,1,0
2010-09-30,88,0,0,1,0
2010-10-01,80,0,0,0,0
2010-10-02,76,0,0,0,0
2010-10-03,93,0,0,0,0
2010-10-04,100,0,0,1,0
2010-10-05,96,0,0,0,0
2010-10-06,98,0,0,0,0
2010-10-07,94,0,0,0,0
2010-10-08,85,0,0,0,0
2010-10-09,83,0,0,1,0
2010-10-10,87,0,0,0,0
2010-10-11,97,0,1,0,0
2010-10-12,99,0,1,1,0
2010-10-13,90,0,0,0,0
2010-10-14,93,0,0,0,0
2010-10-15,85,0,0,0,0
2010-10-16,77,0,0,0,0
2010-10-17,91,0,0,1,0
2010-10-18,90,0,0,0,0
2010-10-19,89,0,0,0,0
2010-10-20,85,0,0,0,0
2010-10-21,83,0,0,0,0
2010-10-22,79,0,0,0,0
2010-10-23,70,0,0,0,0
2010-10-24,87,0,0,0,0
2010-10-25,83,0,0,0,0
2010-10-26,80,0,0,0,0
2010-10-27,81,0,0,0,0
2010-10-28,75,0,0,0,0
2010-10-29,76,0,0,0,0
2010-10-30,71,0,0,0,0
2010-10-31,80,0,0,1,0
2010-11-01,87,0,0,0,0
2010-11-02,87,0,0,0,0
2010-11-03,89,0,0,0,0
2010-11-04,80,0,0,0,0
2010-11-05,77,0,0,0,0
2010-11-06,70,0,0,0,0
2010-11-07,75,0,0,0,0
2010-11-08,84,0,0,0,0
2010-11-09,84,0,0,1,0
2010-11-10,79,0,0,0,0
2010-11-11,78,0,0,0,0
2010-11-12,77,0,0,0,0
2010-11-13,74,0,0,0,0
2010-11-14,73,0,0,1,0
2010-11-15,86,0,0,0,0
2010-11-16,87,0,1,0,0
2010-11-17,89,0,0,0,0
2010-11-18,84,0,0,1,0
2010-11-19,77,0,0,1,0
2010-11-20,69,0,0,0,0
2010-11-21,73,0,0,0,0
2010-11-22,84,1,0,1,0
2010-11-23,80,0,0,0,0
2010-11-24,72,0,1,0,0
2010-11-25,65,0,0,0,0
2010-11-26,67,0,0,0,0
2010-11-27,67,0,0,1,0
2010-11-28,77,0,0,0,0
2010-11-29,82,0,0,0,0
2010-11-30,83,0,0,0,0
2010-12-01,79,0,0,1,0
2010-12-02,80,0,0,0,0
2010-12-03,79,0,0,0,0
2010-12-04,67,0,0,0,0
2010-12-05,74,0,0,0,0
2010-12-06,78,0,0,1,0
2010-12-07,79,0,0,0,0
2010-12-08,81,0,0,0,0
2010-12-09,80,0,0,0,0
2010-12-10,74,0,0,0,0
2010-12-11,75,0,0,1,0
2010-12-12,73,0,0,0,0
2010-12-13,84,0,0,0,0
2010-12-14,80,0,0,0,0
2010-12-15,88,0,0,0,0
2010-12-16,84,0,0,0,0
2010-12-17,73,0,0,0,0
2010-12-18,65,0,0,0,0
2010-12-19,72,0,0,0,0
2010-12-20,74,0,0,0,0
2010-12-21,70,0,0,1,0
2010-12-22,68,0,0,0,0
2010-12-23,67,0,0,0,0
2010-12-24,66,0,0,0,0
2010-12-25,65,0,0,0,0
2010-12-26,72,0,0,0,0
2010-12-27,74,0,0,0,0
2010-12-28,74,0,0,0,0
2010-12-29,70,0,0,0,0
2010-12-30,70,0,0,0,0
2010-12-31,66,0,0,0,0
2011-01-01,74,0,0,0,0
2011-01-02,85,0,0,0,0
2011-01-03,90,0,0,0,0
2011-01-04,91,0,0,0,0
2011-01-05,94,0,0,0,0
2011-01-06,88,0,0,0,0
2011-01-07,88,0,0,0,0
2011-01-08,79,0,0,0,0
2011-01-09,90,0,0,0,0
2011-01-10,97,0,0,0,0
2011-01-11,97,0,0,0,0
2011-01-12,96,0,0,0,0
2011-01-13,90,0,0,0,0
2011-01-14,88,0,0,0,0
2011-01-15,81,0,0,0,0
2011-01-16,95,0,0,0,0
2011-01-17,90,0,0,0,0
2011-01-18,90,0,0,0,0
2011-01-19,90,0,0,0,0
2011-01-20,92,0,0,0,0
2011-01-21,88,0,0,0,0
2011-01-22,85,0,0,0,0
2011-01-23,93,0,0,0,0
2011-01-24,95,0,0,0,0
2011-01-25,92,0,0,0,0
2011-01-26,92,0,0,0,0
2011-01-27,87,0,0,0,0
2011-01-28,86,0,0,0,0
2011-01-29,82,0,0,0,0
2011-01-30,94,0,0,0,0
2011-01-31,94,0,0,0,0
2011-02-01,91,0,0,0,0
2011-02-02,96,0,0,0,0
2011-02-03,90,0,0,0,0
2011-02-04,87,0,0,0,0
2011-02-05,81,0,0,0,0
2011-02-06,90,0,0,0,0
2011-02-07,90,0,0,0,0
2011-02-08,93,0,0,0,0
2011-02-09,97,0,0,0,0
2011-02-10,92,0,0,0,0
2011-02-11,89,0,0,0,0
2011-02-12,84,0,0,0,0
2011-02-13,87,0,0,0,0
2011-02-14,84,0,0,0,0
2011-02-15,91,0,0,0,0
2011-02-16,93,0,0,0,0
2011-02-17,87,0,0,0,0
2011-02-18,86,0,0,0,0
2011-02-19,78,0,0,0,0
2011-02-20,85,0,0,0,0
2011-02-21,91,0,0,0,0
2011-02-22,91,0,0,0,0
2011-02-23,95,0,0,0,0
2011-02-24,94,0,0,0,0
2011-02-25,84,0,0,0,0
2011-02-26,78,0,0,0,0
2011-02-27,91,0,0,0,0
2011-02-28,90,0,0,1,0
2011-03-01,90,0,0,0,0
2011-03-02,95,0,0,0,0
2011-03-03,100,0,0,0,0
2011-03-04,88,0,0,0,0
2011-03-05,84,0,0,0,0
2011-03-06,90,0,0,0,0
2011-03-07,92,0,0,0,0
2011-03-08,99,0,0,0,0
2011-03-09,96,0,0,0,0
2011-03-10,90,0,0,0,0
2011-03-11,61,0,0,0,0
2011-03-12,56,0,0,0,0
2011-03-13,63,0,0,0,0
2011-03-14,68,0,0,0,0
2011-03-15,68,0,0,0,0
2011-03-16,68,0,0,0,0
2011-03-17,68,0,0,0,0
2011-03-18,63,0,0,0,0
2011-03-19,63,0,0,0,0
2011-03-20,73,0,0,0,0
2011-03-21,77,0,0,0,0
2011-03-22,75,0,0,0,0
2011-03-23,73,0,0,0,0
2011-03-24,71,0,0,0,0
2011-03-25,62,0,0,0,0
2011-03-26,66,0,0,0,0
2011-03-27,74,0,0,0,0
2011-03-28,75,0,0,0,0
2011-03-29,75,0,0,0,0
2011-03-30,75,0,0,0,0
2011-03-31,70,0,0,0,0
2011-04-01,74,0,0,0,0
2011-04-02,64,0,0,0,0
2011-04-03,73,0,0,0,0
2011-04-04,73,0,0,0,0
2011-04-05,72,0,0,0,0
2011-04-06,75,0,0,0,0
2011-04-07,72,0,0,0,0
2011-04-08,66,0,0,0,0
2011-04-09,62,0,0,0,0
2011-04-10,75,0,0,0,0
2011-04-11,73,0,0,0,0
2011-04-12,77,0,0,0,0
2011-04-13,74,0,0,0,0
2011-04-14,71,0,0,0,0
2011-04-15,71,0,0,0,0
2011-04-16,65,0,0,0,0
2011-04-17,75,0,0,0,0
2011-04-18,76,0,1,0,0
2011-04-19,75,0,0,0,0
2011-04-20,75,0,0,0,0
2011-04-21,66,0,0,0,0
2011-04-22,59,0,0,0,0
2011-04-23,57,0,0,0,0
2011-04-24,63,0,0,0,0
2011-04-25,76,0,0,0,0
2011-04-26,77,0,0,0,0
2011-04-27,75,0,0,0,0
2011-04-28,73,0,0,0,0
2011-04-29,70,0,0,0,0
2011-04-30,66,0,0,0,0
2011-05-01,75,0,0,0,0
2011-05-02,80,0,0,0,0
2011-05-03,81,0,0,0,0
2011-05-04,79,0,0,0,0
2011-05-05,82,0,0,0,0
2011-05-06,83,0,0,0,0
2011-05-07,74,0,0,0,0
2011-05-08,85,0,0,0,0
2011-05-09,94,0,1,1,0
2011-05-10,97,0,1,0,0
2011-05-11,100,0,1,0,0
2011-05-12,94,0,1,1,0
2011-05-13,82,0,1,0,0
2011-05-14,88,0,0,0,0
2011-05-15,97,0,0,0,0
2011-05-16,93,0,1,1,0
2011-05-17,87,0,1,0,0
2011-05-18,87,0,1,0,0
2011-05-19,86,0,0,0,0
2011-05-20,79,0,0,0,0
2011-05-21,72,0,0,0,0
2011-05-22,80,0,0,0,0
2011-05-23,90,0,1,1,0
2011-05-24,90,0,1,1,0
2011-05-25,87,0,1,0,0
2011-05-26,87,0,1,0,0
2011-05-27,81,0,0,0,0
2011-05-28,76,0,1,1,0
2011-05-29,85,0,1,1,0
2011-05-30,88,0,1,1,0
2011-05-31,88,0,1,1,0
2011-06-01,87,0,1,1,0
2011-06-02,87,0,1,1,0
2011-06-03,82,0,1,0,0
2011-06-04,80,0,0,0,0
2011-06-05,89,0,1,0,0
2011-06-06,91,0,1,1,0
2011-06-07,87,0,0,0,0
2011-06-08,93,0,0,1,0
2011-06-09,59,0,0,0,0
2011-06-10,56,0,0,0,0
2011-06-11,51,0,0,0,0
2011-06-12,56,0,0,0,0
2011-06-13,58,0,0,0,0
2011-06-14,61,0,1,1,0
2011-06-15,75,0,1,1,0
2011-06-16,79,0,2,2,0
2011-06-17,70,0,2,2,0
2011-06-18,60,0,1,1,0
2011-06-19,68,1,1,2,0
2011-06-20,74,1,2,2,0
2011-06-21,84,1,2,2,0
2011-06-22,70,0,1,2,0
2011-06-23,65,1,1,1,0
2011-06-24,60,0,1,1,0
2011-06-25,54,0,1,1,0
2011-06-26,63,0,1,1,0
2011-06-27,67,0,1,1,0
2011-06-28,86,0,2,2,0
2011-06-29,100,1,3,2,0
2011-06-30,74,1,1,1,0
2011-07-01,57,0,1,1,0
2011-07-02,52,0,0,1,0
2011-07-03,58,0,1,1,0
2011-07-04,60,0,1,1,0
2011-07-05,61,0,1,1,0
2011-07-06,56,0,1,1,0
2011-07-07,55,0,1,0,0
2011-07-08,53,0,0,1,0
2011-07-09,50,0,1,0,0
2011-07-10,53,0,0,0,0
2011-07-11,55,0,1,1,0
2011-07-12,54,0,1,1,0
2011-07-13,54,0,1,1,0
2011-07-14,52,0,1,0,0
2011-07-15,48,0,1,0,0
2011-07-16,47,0,0,0,0
2011-07-17,51,0,0,0,0
2011-07-18,53,0,0,1,0
2011-07-19,53,0,1,0,0
2011-07-20,51,0,1,0,0
2011-07-21,55,0,1,1,0
2011-07-22,54,1,1,1,0
2011-07-23,47,0,0,1,0
2011-07-24,50,0,1,0,0
2011-07-25,54,0,1,0,0
2011-07-26,52,0,1,0,0
2011-07-27,48,0,1,0,0
2011-07-28,49,0,1,0,0
2011-07-29,44,0,0,0,0
2011-07-30,45,0,0,0,0
2011-07-31,49,0,0,0,0
2011-08-01,51,0,0,0,0
2011-08-02,50,0,0,0,0
2011-08-03,50,0,0,0,0
2011-08-04,48,0,1,0,0
2011-08-05,47,0,1,0,0
2011-08-06,43,0,0,0,0
2011-08-07,48,0,0,0,0
2011-08-08,47,0,0,0,0
2011-08-09,45,0,0,0,0
2011-08-10,50,0,0,0,0
2011-08-11,46,0,0,0,0
2011-08-12,43,0,0,0,0
2011-08-13,41,0,0,0,0
2011-08-14,45,0,0,0,0
2011-08-15,44,0,0,0,0
2011-08-16,45,0,0,0,0
2011-08-17,46,0,0,0,0
2011-08-18,44,0,0,0,0
2011-08-19,43,0,0,0,0
2011-08-20,42,0,0,0,0
2011-08-21,47,0,0,0,0
2011-08-22,47,0,0,0,0
2011-08-23,47,0,0,0,0
2011-08-24,48,0,0,0,0
2011-08-25,45,0,0,0,0
2011-08-26,45,0,0,0,0
2011-08-27,43,0,0,0,0
2011-08-28,45,0,0,0,0
2011-08-29,49,0,0,0,0
2011-08-30,48,0,0,0,0
2011-08-31,48,0,0,0,0
2011-09-01,48,0,0,0,0
2011-09-02,58,0,0,0,0
2011-09-03,47,0,0,0,0
2011-09-04,48,0,0,0,0
2011-09-05,51,0,0,0,0
2011-09-06,52,0,0,0,0
2011-09-07,58,0,0,0,0
2011-09-08,60,0,0,0,0
2011-09-09,57,0,1,0,0
2011-09-10,57,0,1,0,0
2011-09-11,60,0,1,0,0
2011-09-12,73,0,1,1,0
2011-09-13,69,0,2,1,0
2011-09-14,66,0,1,1,0
2011-09-15,69,0,1,1,0
2011-09-16,60,0,1,1,0
2011-09-17,50,0,1,1,0
2011-09-18,58,0,1,1,0
2011-09-19,67,0,2,1,0
2011-09-20,70,0,2,1,0
2011-09-21,62,0,1,1,0
2011-09-22,65,0,1,1,0
2011-09-23,61,0,1,1,0
2011-09-24,52,0,1,1,0
2011-09-25,63,0,1,1,0
2011-09-26,68,0,1,1,0
2011-09-27,65,1,1,1,0
2011-09-28,65,1,2,1,0
2011-09-29,63,1,1,1,0
2011-09-30,57,1,1,1,0
2011-10-01,54,0,1,1,0
2011-10-02,56,0,1,1,0
2011-10-03,71,0,2,2,0
2011-10-04,72,1,2,2,0
2011-10-05,71,0,1,1,0
2011-10-06,63,0,2,1,0
2011-10-07,63,0,1,1,0
2011-10-08,55,0,0,1,0
2011-10-09,59,0,1,1,0
2011-10-10,60,0,1,1,0
2011-10-11,70,1,1,1,0
2011-10-12,60,0,1,1,0
2011-10-13,56,0,1,1,0
2011-10-14,52,0,1,1,0
2011-10-15,49,0,0,1,0
2011-10-16,54,0,1,1,0
2011-10-17,55,0,1,1,0
2011-10-18,54,0,1,0,0
2011-10-19,70,0,1,1,0
2011-10-20,68,0,1,1,0
2011-10-21,55,0,1,1,0
2011-10-22,46,0,1,1,0
2011-10-23,54,0,1,1,0
2011-10-24,57,0,1,1,0
2011-10-25,53,0,1,1,0
2011-10-26,53,0,1,1,0
2011-10-27,58,1,2,1,0
2011-10-28,51,0,1,1,0
2011-10-29,44,0,1,1,0
2011-10-30,48,0,1,1,0
2011-10-31,51,0,1,1,1
2011-11-01,87,1,3,2,5
2011-11-02,94,1,4,4,5
2011-11-03,100,1,4,3,4
2011-11-04,86,1,3,3,2
2011-11-05,62,0,2,2,1
2011-11-06,67,0,2,2,0
2011-11-07,70,1,2,2,0
2011-11-08,67,0,2,2,0
2011-11-09,62,0,2,1,0
2011-11-10,62,0,1,2,0
2011-11-11,55,0,1,1,0
2011-11-12,48,0,1,1,0
2011-11-13,48,0,1,1,0
2011-11-14,55,0,1,1,0
2011-11-15,58,0,1,1,0
2011-11-16,51,0,1,1,0
2011-11-17,53,0,1,1,0
2011-11-18,48,0,1,1,0
2011-11-19,42,0,1,0,0
2011-11-20,47,0,1,1,0
2011-11-21,48,0,1,1,0
2011-11-22,47,0,1,1,0
2011-11-23,44,0,1,1,0
2011-11-24,43,0,0,1,0
2011-11-25,41,0,0,1,0
2011-11-26,39,0,0,1,0
2011-11-27,41,0,1,1,0
2011-11-28,50,0,1,1,0
2011-11-29,49,0,1,1,0
2011-11-30,49,0,1,1,0
2011-12-01,50,0,1,1,0
2011-12-02,47,0,0,1,0
2011-12-03,39,0,0,0,0
2011-12-04,43,0,0,1,0
2011-12-05,49,0,1,1,0
2011-12-06,54,0,0,1,0
2011-12-07,54,0,1,1,0
2011-12-08,55,0,0,0,0
2011-12-09,48,0,0,1,0
2011-12-10,44,0,0,1,0
2011-12-11,48,0,0,0,0
2011-12-12,51,0,0,0,0
2011-12-13,52,0,0,1,0
2011-12-14,49,0,1,1,0
2011-12-15,55,0,1,1,0
2011-12-16,43,0,0,0,0
2011-12-17,42,0,0,0,0
2011-12-18,44,0,0,0,0
2011-12-19,45,0,0,0,0
2011-12-20,45,0,0,0,0
2011-12-21,44,0,0,0,0
2011-12-22,46,0,0,1,0
2011-12-23,42,0,0,0,0
2011-12-24,36,0,0,0,0
2011-12-25,36,0,0,0,0
2011-12-26,40,0,0,0,0
2011-12-27,43,0,0,0,0
2011-12-28,45,0,0,0,0
2011-12-29,44,0,0,0,0
2011-12-30,44,0,0,0,0
2011-12-31,40,0,0,0,0
2012-01-01,46,0,1,0,0
2012-01-02,47,0,0,0,0
2012-01-03,52,0,0,0,0
2012-01-04,55,0,0,1,0
2012-01-05,56,0,1,0,0
2012-01-06,51,0,0,0,0
2012-01-07,48,0,0,0,0
2012-01-08,56,0,0,0,0
2012-01-09,59,0,0,0,0
2012-01-10,59,0,0,0,0
2012-01-11,62,0,0,1,0
2012-01-12,60,0,0,0,0
2012-01-13,54,0,1,0,0
2012-01-14,49,0,0,0,0
2012-01-15,58,0,0,0,0
2012-01-16,58,0,1,1,0
2012-01-17,59,0,1,0,0
2012-01-18,61,0,1,1,0
2012-01-19,57,0,1,1,0
2012-01-20,57,0,1,0,0
2012-01-21,52,0,1,0,0
2012-01-22,59,0,1,1,0
2012-01-23,58,0,1,1,0
2012-01-24,61,0,1,1,0
2012-01-25,60,0,1,1,0
2012-01-26,61,0,1,1,0
2012-01-27,55,0,1,0,0
2012-01-28,54,0,1,0,0
2012-01-29,62,0,1,1,0
2012-01-30,61,0,1,1,0
2012-01-31,61,0,1,1,0
2012-02-01,58,0,1,1,0
2012-02-02,56,0,1,1,0
2012-02-03,56,0,1,1,0
2012-02-04,54,0,1,1,0
2012-02-05,60,0,1,1,0
2012-02-06,69,1,2,1,0
2012-02-07,70,0,2,1,0
2012-02-08,69,1,2,1,0
2012-02-09,70,0,2,2,0
2012-02-10,72,1,2,2,0
2012-02-11,67,0,1,1,0
2012-02-12,91,1,2,2,0
2012-02-13,100,1,2,2,0
2012-02-14,78,0,2,1,0
2012-02-15,74,1,2,2,0
2012-02-16,70,1,1,1,0
2012-02-17,64,1,1,1,0
2012-02-18,59,0,1,1,0
2012-02-19,65,1,2,1,0
2012-02-20,76,2,2,2,0
2012-02-21,83,3,3,2,0
2012-02-22,67,1,2,1,0
2012-02-23,61,1,1,1,0
2012-02-24,57,1,1,1,0
2012-02-25,50,0,1,1,0
2012-02-26,57,0,1,1,0
2012-02-27,61,1,1,1,0
2012-02-28,68,0,1,1,0
2012-02-29,64,0,1,1,0
2012-03-01,64,0,1,1,0
2012-03-02,57,0,1,1,0
2012-03-03,48,0,0,1,0
2012-03-04,60,0,1,0,0
2012-03-05,61,0,1,1,0
2012-03-06,64,0,1,1,0
2012-03-07,63,0,2,1,0
2012-03-08,66,0,2,1,0
2012-03-09,68,0,2,1,0
2012-03-10,56,0,1,1,0
2012-03-11,59,0,1,1,0
2012-03-12,65,0,1,1,0
2012-03-13,62,0,1,0,0
2012-03-14,59,0,1,1,0
2012-03-15,56,0,1,1,0
2012-03-16,54,0,0,0,0
2012-03-17,48,0,0,0,0
2012-03-18,54,0,1,1,0
2012-03-19,57,0,1,1,0
2012-03-20,56,0,1,1,0
2012-03-21,56,0,1,0,0
2012-03-22,56,0,1,1,0
2012-03-23,53,0,0,0,0
2012-03-24,46,0,0,0,0
2012-03-25,56,0,0,0,0
2012-03-26,59,0,0,0,0
2012-03-27,57,0,0,1,0
2012-03-28,56,0,0,1,0
2012-03-29,55,0,0,0,0
2012-03-30,53,0,0,0,0
2012-03-31,48,0,0,0,0
2012-04-01,57,0,0,0,0
2012-04-02,56,0,0,1,0
2012-04-03,57,0,0,1,0
2012-04-04,57,0,1,0,0
2012-04-05,61,0,0,1,0
2012-04-06,55,0,0,1,0
2012-04-07,50,0,0,0,0
2012-04-08,58,0,0,0,0
2012-04-09,59,0,1,1,0
2012-04-10,58,0,0,1,0
2012-04-11,55,0,0,0,0
2012-04-12,53,0,0,0,0
2012-04-13,49,0,0,0,0
2012-04-14,46,0,0,0,0
2012-04-15,50,0,0,0,0
2012-04-16,62,0,0,0,0
2012-04-17,63,0,0,0,0
2012-04-18,63,0,0,0,0
2012-04-19,61,0,0,0,0
2012-04-20,59,0,0,0,0
2012-04-21,51,0,0,0,0
2012-04-22,60,0,0,0,0
2012-04-23,63,0,0,0,0
2012-04-24,67,0,0,0,0
2012-04-25,62,0,0,0,0
2012-04-26,65,0,0,1,0
2012-04-27,58,0,0,1,0
2012-04-28,54,0,0,0,0
2012-04-29,62,0,0,0,0
2012-04-30,65,0,0,0,0
2012-05-01,67,0,0,1,0
2012-05-02,67,0,0,1,0
2012-05-03,64,0,0,0,0
2012-05-04,61,0,0,0,0
2012-05-05,56,0,0,0,0
2012-05-06,86,0,0,1,0
2012-05-07,92,0,1,1,0
2012-05-08,85,0,1,1,0
2012-05-09,86,0,1,1,0
2012-05-10,79,0,1,1,0
2012-05-11,72,0,1,1,0
2012-05-12,64,0,1,1,0
2012-05-13,75,0,1,1,0
2012-05-14,89,0,1,1,0
2012-05-15,94,0,1,2,0
2012-05-16,98,0,1,2,0
2012-05-17,98,0,2,3,0
2012-05-18,90,0,1,2,0
2012-05-19,76,0,1,2,0
2012-05-20,79,0,1,1,0
2012-05-21,81,0,1,2,0
2012-05-22,87,0,1,2,0
2012-05-23,93,0,1,2,0
2012-05-24,88,0,1,2,0
2012-05-25,78,0,1,1,0
2012-05-26,90,0,1,1,0
2012-05-27,100,0,1,1,0
2012-05-28,87,0,1,1,0
2012-05-29,82,0,1,1,0
2012-05-30,80,0,1,1,0
2012-05-31,77,0,1,1,0
2012-06-01,69,0,0,1,0
2012-06-02,65,0,0,1,0
2012-06-03,24,0,0,0,0
2012-06-04,23,0,0,0,0
2012-06-05,25,0,0,0,0
2012-06-06,27,0,0,0,0
2012-06-07,30,0,0,0,0
2012-06-08,70,0,0,0,0
2012-06-09,34,0,0,0,0
2012-06-10,29,0,0,0,0
2012-06-11,29,0,0,0,0
2012-06-12,46,0,0,0,0
2012-06-13,31,0,0,0,0
2012-06-14,29,0,0,0,0
2012-06-15,31,0,0,1,0
2012-06-16,64,0,0,1,0
2012-06-17,84,0,1,1,0
2012-06-18,48,0,0,1,0
2012-06-19,33,0,0,0,0
2012-06-20,34,0,0,0,0
2012-06-21,39,0,0,0,0
2012-06-22,100,0,0,0,0
2012-06-23,65,0,0,0,0
2012-06-24,33,0,0,0,0
2012-06-25,29,0,0,0,0
2012-06-26,27,0,0,0,0
2012-06-27,26,0,0,0,0
2012-06-28,24,0,0,0,0
2012-06-29,22,0,0,0,0
2012-06-30,22,0,0,0,0
2012-07-01,23,0,0,0,0
2012-07-02,24,0,0,0,0
2012-07-03,23,0,0,0,0
2012-07-04,23,0,0,0,0
2012-07-05,22,0,0,0,0
2012-07-06,21,0,0,0,0
2012-07-07,21,0,0,0,0
2012-07-08,23,0,0,0,0
2012-07-09,24,0,0,0,0
2012-07-10,23,0,0,0,0
2012-07-11,23,0,0,0,0
2012-07-12,23,0,0,0,0
2012-07-13,22,0,0,0,0
2012-07-14,23,0,0,0,0
2012-07-15,25,0,0,0,0
2012-07-16,24,0,0,0,0
2012-07-17,23,0,0,0,0
2012-07-18,23,0,0,0,0
2012-07-19,22,0,0,0,0
2012-07-20,21,0,0,0,0
2012-07-21,20,0,0,0,0
2012-07-22,23,0,0,0,0
2012-07-23,23,0,0,0,0
2012-07-24,23,0,0,0,0
2012-07-25,24,0,0,0,0
2012-07-26,25,0,0,0,0
2012-07-27,23,0,0,0,0
2012-07-28,26,0,0,0,0
2012-07-29,24,0,0,0,0
2012-07-30,22,0,0,0,0
2012-07-31,22,0,0,0,0
2012-08-01,21,0,0,0,0
2012-08-02,22,0,0,0,0
2012-08-03,19,0,0,0,0
2012-08-04,20,0,0,0,0
2012-08-05,22,0,0,0,0
2012-08-06,21,0,0,0,0
2012-08-07,21,0,0,0,0
2012-08-08,20,0,0,0,0
2012-08-09,20,0,0,0,0
2012-08-10,20,0,0,0,0
2012-08-11,19,0,0,0,0
2012-08-12,24,0,0,0,0
2012-08-13,22,0,0,0,0
2012-08-14,20,0,0,0,0
2012-08-15,20,0,0,0,0
2012-08-16,19,0,0,0,0
2012-08-17,19,0,0,0,0
2012-08-18,19,0,0,0,0
2012-08-19,21,0,0,0,0
2012-08-20,21,0,0,0,0
2012-08-21,22,0,0,0,0
2012-08-22,22,0,0,0,0
2012-08-23,21,0,0,0,0
2012-08-24,20,0,0,0,0
2012-08-25,19,0,0,0,0
2012-08-26,20,0,0,0,0
2012-08-27,21,0,0,0,0
2012-08-28,20,0,0,0,0
2012-08-29,21,0,0,0,0
2012-08-30,20,0,0,0,0
2012-08-31,18,0,0,0,0
2012-09-01,85,0,0,0,0
2012-09-02,87,0,1,1,0
2012-09-03,99,0,1,1,0
2012-09-04,93,0,0,0,0
2012-09-05,95,0,1,1,0
2012-09-06,93,0,1,1,0
2012-09-07,93,0,1,0,0
2012-09-08,85,0,0,0,0
2012-09-09,90,0,0,1,0
2012-09-10,98,0,0,1,0
2012-09-11,99,0,1,0,0
2012-09-12,95,0,0,0,0
2012-09-13,92,0,1,1,0
2012-09-14,85,0,0,1,0
2012-09-15,82,0,0,0,0
2012-09-16,92,0,1,1,0
2012-09-17,95,0,1,1,0
2012-09-18,93,0,1,1,0
2012-09-19,90,0,0,1,0
2012-09-20,89,0,1,0,0
2012-09-21,85,0,0,0,0
2012-09-22,75,0,0,1,0
2012-09-23,86,0,0,0,0
2012-09-24,90,0,1,1,0
2012-09-25,87,0,1,1,0
2012-09-26,100,0,1,1,0
2012-09-27,90,0,0,1,0
2012-09-28,85,0,0,0,0
2012-09-29,74,0,0,0,0
2012-09-30,77,0,0,0,0
2012-10-01,86,0,1,1,0
2012-10-02,87,0,1,0,0
2012-10-03,86,0,1,0,0
2012-10-04,82,0,0,1,0
2012-10-05,77,0,1,0,0
2012-10-06,69,0,0,0,0
2012-10-07,73,0,0,0,0
2012-10-08,85,0,0,0,0
2012-10-09,92,0,1,1,0
2012-10-10,86,0,0,1,0
2012-10-11,80,0,0,0,0
2012-10-12,94,0,1,1,0
2012-10-13,74,0,0,0,0
2012-10-14,80,0,0,1,0
2012-10-15,83,0,1,1,0
2012-10-16,87,0,1,1,0
2012-10-17,82,0,0,1,0
2012-10-18,85,0,1,1,0
2012-10-19,75,0,0,0,0
2012-10-20,67,0,0,0,0
2012-10-21,74,0,0,1,0
2012-10-22,76,0,0,0,0
2012-10-23,83,0,1,1,0
2012-10-24,79,0,1,0,0
2012-10-25,75,0,0,0,0
2012-10-26,70,0,0,1,0
2012-10-27,64,0,0,0,0
2012-10-28,76,0,0,0,0
2012-10-29,76,0,0,1,0
2012-10-30,72,0,0,0,0
2012-10-31,70,0,0,1,0
2012-11-01,73,0,1,1,0
2012-11-02,72,0,0,1,0
2012-11-03,61,0,0,0,0
2012-11-04,68,0,1,1,0
2012-11-05,77,0,0,1,0
2012-11-06,75,0,1,1,0
2012-11-07,87,0,1,1,0
2012-11-08,84,0,1,1,0
2012-11-09,75,0,0,1,0
2012-11-10,60,0,0,0,0
2012-11-11,69,0,1,0,0
2012-11-12,79,0,1,1,0
2012-11-13,84,0,1,1,0
2012-11-14,87,0,1,1,0
2012-11-15,79,0,1,1,0
2012-11-16,67,0,0,0,0
2012-11-17,64,0,0,1,0
2012-11-18,70,0,0,1,0
2012-11-19,71,0,1,1,0
2012-11-20,67,0,0,1,0
2012-11-21,67,0,1,1,0
2012-11-22,61,0,0,0,0
2012-11-23,61,0,0,0,0
2012-11-24,61,0,0,1,0
2012-11-25,67,0,1,0,0
2012-11-26,75,1,1,1,0
2012-11-27,75,1,1,1,0
2012-11-28,75,0,1,1,0
2012-11-29,72,0,1,1,0
2012-11-30,83,0,0,0,0
2012-12-01,70,0,0,0,0
2012-12-02,78,0,0,0,0
2012-12-03,89,0,1,1,0
2012-12-04,91,0,1,1,0
2012-12-05,84,0,1,1,0
2012-12-06,83,0,1,1,0
2012-12-07,77,0,1,1,0
2012-12-08,69,0,1,1,0
2012-12-09,79,0,0,1,0
2012-12-10,89,0,1,1,0
2012-12-11,85,0,0,1,0
2012-12-12,81,0,0,1,0
2012-12-13,84,0,0,0,0
2012-12-14,80,0,1,1,0
2012-12-15,65,0,0,0,0
2012-12-16,75,0,0,1,0
2012-12-17,82,0,1,1,0
2012-12-18,81,0,0,0,0
2012-12-19,81,0,0,1,0
2012-12-20,74,0,0,0,0
2012-12-21,62,0,0,0,0
2012-12-22,63,0,0,0,0
2012-12-23,64,0,0,0,0
2012-12-24,65,0,0,0,0
2012-12-25,65,0,0,0,0
2012-12-26,63,0,0,0,0
2012-12-27,71,0,0,0,0
2012-12-28,73,0,1,0,0
2012-12-29,75,0,1,0,0
2012-12-30,78,0,0,0,0
2012-12-31,74,0,0,0,0
2013-01-01,81,0,0,0,0
2013-01-02,83,0,0,0,0
2013-01-03,79,0,0,0,0
2013-01-04,86,0,0,0,0
2013-01-05,80,0,0,0,0
2013-01-06,94,0,0,0,0
2013-01-07,95,0,0,0,0
2013-01-08,97,0,0,0,0
2013-01-09,99,0,0,0,0
2013-01-10,96,0,0,0,0
2013-01-11,91,0,0,0,0
2013-01-12,83,0,0,0,0
2013-01-13,95,0,0,1,0
2013-01-14,98,0,1,0,0
2013-01-15,95,0,0,0,0
2013-01-16,96,0,0,0,0
2013-01-17,93,0,0,0,0
2013-01-18,86,0,0,0,0
2013-01-19,86,0,0,0,0
2013-01-20,91,0,0,0,0
2013-01-21,90,0,0,0,0
2013-01-22,92,0,0,0,0
2013-01-23,94,0,0,0,0
2013-01-24,89,0,0,0,0
2013-01-25,85,0,0,0,0
2013-01-26,83,0,0,0,0
2013-01-27,97,0,0,0,0
2013-01-28,93,0,0,1,0
2013-01-29,100,0,0,0,0
2013-01-30,90,0,0,0,0
2013-01-31,90,0,0,0,0
2013-02-01,86,0,0,0,0
2013-02-02,81,0,0,0,0
2013-02-03,91,0,0,0,0
2013-02-04,98,0,0,1,0
2013-02-05,95,0,0,0,0
2013-02-06,97,0,0,1,0
2013-02-07,95,0,0,0,0
2013-02-08,87,0,0,0,0
2013-02-09,80,0,0,0,0
2013-02-10,92,0,0,0,0
2013-02-11,94,0,0,0,0
2013-02-12,97,0,0,1,0
2013-02-13,93,0,0,1,0
2013-02-14,86,0,0,0,0
2013-02-15,87,0,0,0,0
2013-02-16,87,0,0,0,0
2013-02-17,96,0,0,0,0
2013-02-18,96,0,0,0,0
2013-02-19,100,0,0,0,0
2013-02-20,94,0,0,0,0
2013-02-21,93,0,0,0,0
2013-02-22,89,0,0,0,0
2013-02-23,85,0,0,0,0
2013-02-24,94,0,0,1,0
2013-02-25,93,0,0,0,0
2013-02-26,98,0,0,0,0
2013-02-27,97,0,0,1,0
2013-02-28,71,0,0,0,0
2013-03-01,64,0,0,0,0
2013-03-02,57,0,0,0,0
2013-03-03,66,0,0,0,0
2013-03-04,72,0,0,0,0
2013-03-05,70,0,0,0,0
2013-03-06,69,0,0,0,0
2013-03-07,68,0,0,0,0
2013-03-08,65,0,0,0,0
2013-03-09,60,0,0,0,0
2013-03-10,68,0,0,0,0
2013-03-11,72,0,0,0,0
2013-03-12,70,0,0,0,0
2013-03-13,69,0,0,0,0
2013-03-14,68,0,0,0,0
2013-03-15,60,0,0,0,0
2013-03-16,60,0,0,0,0
2013-03-17,69,0,0,0,0
2013-03-18,71,0,0,1,0
2013-03-19,74,0,0,1,0
2013-03-20,70,0,0,0,0
2013-03-21,72,0,0,0,0
2013-03-22,78,0,0,0,0
2013-03-23,67,0,0,0,0
2013-03-24,71,0,0,1,0
2013-03-25,71,0,0,0,0
2013-03-26,72,0,0,0,0
2013-03-27,73,0,0,0,0
2013-03-28,67,0,0,0,0
2013-03-29,65,0,0,0,0
2013-03-30,61,0,0,0,0
2013-03-31,74,0,0,0,0
2013-04-01,74,0,0,0,0
2013-04-02,70,0,0,0,0
2013-04-03,70,0,0,0,0
2013-04-04,68,0,0,0,0
2013-04-05,63,0,0,0,0
2013-04-06,61,0,0,0,0
2013-04-07,73,0,0,0,0
2013-04-08,73,0,0,0,0
2013-04-09,74,0,0,0,0
2013-04-10,72,0,0,0,0
2013-04-11,70,0,0,0,0
2013-04-12,68,0,0,0,0
2013-04-13,61,0,0,0,0
2013-04-14,74,0,0,0,0
2013-04-15,74,0,0,0,0
2013-04-16,74,0,0,0,0
2013-04-17,75,0,0,0,0
2013-04-18,79,0,0,0,0
2013-04-19,71,0,0,0,0
2013-04-20,64,0,0,0,0
2013-04-21,76,0,0,0,0
2013-04-22,77,0,0,0,0
2013-04-23,77,0,0,0,0
2013-04-24,73,0,0,0,0
2013-04-25,76,0,0,0,0
2013-04-26,72,0,0,0,0
2013-04-27,69,0,0,0,0
2013-04-28,82,0,0,0,0
2013-04-29,90,0,0,0,0
2013-04-30,85,0,0,0,0
2013-05-01,84,0,0,0,0
2013-05-02,76,0,0,0,0
2013-05-03,70,0,0,1,0
2013-05-04,63,0,0,0,0
2013-05-05,69,0,0,0,0
2013-05-06,71,0,0,0,0
2013-05-07,77,0,0,0,0
2013-05-08,82,0,0,0,0
2013-05-09,85,0,0,0,0
2013-05-10,80,0,0,0,0
2013-05-11,70,0,0,0,0
2013-05-12,80,0,0,0,0
2013-05-13,84,0,0,0,0
2013-05-14,88,0,0,0,0
2013-05-15,84,0,0,0,0
2013-05-16,91,0,0,0,0
2013-05-17,85,0,0,0,0
2013-05-18,93,0,0,0,0
2013-05-19,100,0,0,1,0
2013-05-20,90,0,0,0,0
2013-05-21,82,0,0,0,0
2013-05-22,84,0,0,0,0
2013-05-23,80,0,0,0,0
2013-05-24,77,0,0,0,0
2013-05-25,69,0,0,0,0
2013-05-26,77,0,0,0,0
2013-05-27,83,0,0,0,0
2013-05-28,84,0,0,0,0
2013-05-29,87,0,0,0,0
2013-05-30,86,0,0,0,0
2013-05-31,83,0,0,0,0
2013-06-01,78,0,0,0,0
2013-06-02,90,0,0,0,0
2013-06-03,86,0,0,0,0
2013-06-04,89,0,0,0,0
2013-06-05,88,0,0,0,0
2013-06-06,86,0,0,0,0
2013-06-07,87,0,0,0,0
2013-06-08,80,0,0,0,0
2013-06-09,86,0,0,0,0
2013-06-10,87,0,0,0,0
2013-06-11,91,0,0,0,0
2013-06-12,99,0,0,0,0
2013-06-13,90,0,0,0,0
2013-06-14,83,0,0,0,0
2013-06-15,82,0,0,0,0
2013-06-16,93,0,0,0,0
2013-06-17,90,0,0,0,0
2013-06-18,85,0,0,0,0
2013-06-19,83,0,0,0,0
2013-06-20,84,0,0,0,0
2013-06-21,79,0,0,0,0
2013-06-22,88,0,0,0,0
2013-06-23,87,0,0,0,0
2013-06-24,83,0,0,0,0
2013-06-25,89,0,0,0,0
2013-06-26,94,0,0,0,0
2013-06-27,84,0,0,0,0
2013-06-28,79,0,0,0,0
2013-06-29,79,0,0,0,0
2013-06-30,86,0,0,0,0
2013-07-01,83,0,0,0,0
2013-07-02,90,0,0,0,0
2013-07-03,86,0,0,0,0
2013-07-04,80,0,0,0,0
2013-07-05,76,0,0,0,0
2013-07-06,73,0,0,0,0
2013-07-07,90,0,0,0,0
2013-07-08,90,0,0,0,0
2013-07-09,86,0,0,0,0
2013-07-10,81,0,0,0,0
2013-07-11,81,0,0,0,0
2013-07-12,80,0,0,0,0
2013-07-13,78,0,0,0,0
2013-07-14,83,0,0,0,0
2013-07-15,86,0,0,0,0
2013-07-16,87,0,0,0,0
2013-07-17,88,0,0,0,0
2013-07-18,85,0,0,0,0
2013-07-19,79,0,0,0,0
2013-07-20,75,0,0,0,0
2013-07-21,84,0,0,0,0
2013-07-22,98,0,0,0,0
2013-07-23,86,0,0,0,0
2013-07-24,84,0,0,0,0
2013-07-25,82,0,0,0,0
2013-07-26,80,0,0,0,0
2013-07-27,84,0,0,0,0
2013-07-28,87,0,0,0,0
2013-07-29,97,0,0,0,0
2013-07-30,88,0,0,0,0
2013-07-31,87,0,0,0,0
2013-08-01,83,0,0,0,0
2013-08-02,79,0,0,0,0
2013-08-03,80,0,0,0,0
2013-08-04,89,0,0,0,0
2013-08-05,100,0,0,0,0
2013-08-06,90,0,0,0,0
2013-08-07,92,0,0,0,0
2013-08-08,86,0,0,0,0
2013-08-09,83,0,0,0,0
2013-08-10,79,0,0,0,0
2013-08-11,89,0,0,0,0
2013-08-12,84,0,0,0,0
2013-08-13,78,0,0,0,0
2013-08-14,79,0,0,0,0
2013-08-15,78,0,0,0,0
2013-08-16,73,0,0,0,0
2013-08-17,75,0,0,0,0
2013-08-18,82,0,0,0,0
2013-08-19,79,0,0,0,0
2013-08-20,76,0,0,0,0
2013-08-21,79,0,0,0,0
2013-08-22,78,0,0,0,0
2013-08-23,78,0,0,0,0
2013-08-24,75,0,0,0,0
2013-08-25,82,0,0,0,0
2013-08-26,82,0,0,0,0
2013-08-27,86,0,0,0,0
2013-08-28,86,0,0,0,0
2013-08-29,84,0,0,0,0
2013-08-30,79,0,0,0,0
2013-08-31,75,0,0,0,0
2013-09-01,85,0,0,0,0
2013-09-02,89,0,0,0,0
2013-09-03,84,0,0,0,0
2013-09-04,86,0,0,0,0
2013-09-05,88,0,0,0,0
2013-09-06,88,0,0,0,0
2013-09-07,81,0,0,0,0
2013-09-08,92,0,0,0,0
2013-09-09,94,0,0,0,0
2013-09-10,92,0,0,0,0
2013-09-11,87,0,0,0,0
2013-09-12,90,0,0,0,0
2013-09-13,83,0,0,0,0
2013-09-14,84,0,0,0,0
2013-09-15,85,0,0,0,0
2013-09-16,95,0,0,0,0
2013-09-17,89,0,1,0,0
2013-09-18,90,0,0,0,0
2013-09-19,89,0,0,0,0
2013-09-20,80,0,0,0,0
2013-09-21,71,0,0,0,0
2013-09-22,83,0,0,0,0
2013-09-23,84,0,0,0,0
2013-09-24,83,0,0,0,0
2013-09-25,83,0,0,0,0
2013-09-26,82,0,0,0,0
2013-09-27,75,0,0,0,0
2013-09-28,76,0,0,0,0
2013-09-29,84,0,0,0,0
2013-09-30,86,0,0,0,0
2013-10-01,82,0,0,0,0
2013-10-02,79,0,0,0,0
2013-10-03,82,0,0,0,0
2013-10-04,72,0,0,0,0
2013-10-05,70,0,0,0,0
2013-10-06,77,0,0,0,0
2013-10-07,79,0,0,0,0
2013-10-08,81,0,0,0,0
2013-10-09,79,0,0,0,0
2013-10-10,81,0,0,0,0
2013-10-11,79,0,0,0,0
2013-10-12,72,0,0,0,0
2013-10-13,75,0,0,0,0
2013-10-14,78,0,0,0,0
2013-10-15,83,0,0,0,0
2013-10-16,79,0,0,0,0
2013-10-17,75,0,0,0,0
2013-10-18,74,0,0,0,0
2013-10-19,82,0,0,0,0
2013-10-20,92,0,0,0,0
2013-10-21,98,0,0,0,0
2013-10-22,96,0,0,0,0
2013-10-23,90,0,0,0,0
2013-10-24,83,0,0,0,0
2013-10-25,80,0,0,0,0
2013-10-26,66,0,0,0,0
2013-10-27,71,0,0,0,0
2013-10-28,73,0,0,0,0
2013-10-29,73,0,0,0,0
2013-10-30,75,0,0,0,0
2013-10-31,72,0,0,0,0
2013-11-01,71,0,0,0,0
2013-11-02,63,0,0,0,0
2013-11-03,71,0,0,0,0
2013-11-04,75,0,0,0,0
2013-11-05,74,0,0,0,0
2013-11-06,73,0,0,0,0
2013-11-07,73,0,0,0,0
2013-11-08,67,0,0,0,0
2013-11-09,60,0,0,0,0
2013-11-10,70,0,0,0,0
2013-11-11,74,0,0,0,0
2013-11-12,77,0,0,0,0
2013-11-13,75,0,0,0,0
2013-11-14,76,0,0,0,0
2013-11-15,90,0,0,0,0
2013-11-16,66,0,0,0,0
2013-11-17,68,0,0,0,0
2013-11-18,75,0,0,0,0
2013-11-19,100,0,0,0,0
2013-11-20,79,0,0,0,0
2013-11-21,74,0,0,0,0
2013-11-22,68,0,0,0,0
2013-11-23,60,0,0,0,0
2013-11-24,69,0,0,0,0
2013-11-25,78,0,0,0,0
2013-11-26,73,0,0,0,0
2013-11-27,67,0,0,0,0
2013-11-28,62,0,0,0,0
2013-11-29,61,0,0,0,0
2013-11-30,62,0,0,0,0
2013-12-01,68,0,0,0,0
2013-12-02,74,0,0,0,0
2013-12-03,75,0,0,0,0
2013-12-04,75,0,0,0,0
2013-12-05,72,0,0,0,0
2013-12-06,72,0,0,0,0
2013-12-07,63,0,0,0,0
2013-12-08,71,0,0,0,0
2013-12-09,71,0,0,0,0
2013-12-10,71,0,0,0,0
2013-12-11,73,0,0,0,0
2013-12-12,69,0,0,0,0
2013-12-13,68,0,0,0,0
2013-12-14,64,0,0,0,0
2013-12-15,68,0,0,0,0
2013-12-16,76,0,0,0,0
2013-12-17,75,0,0,0,0
2013-12-18,70,0,0,0,0
2013-12-19,66,0,0,0,0
2013-12-20,62,0,0,0,0
2013-12-21,57,0,0,0,0
2013-12-22,60,0,0,0,0
2013-12-23,64,0,0,0,0
2013-12-24,56,0,0,0,0
2013-12-25,57,0,0,0,0
2013-12-26,58,0,0,0,0
2013-12-27,65,0,0,0,0
2013-12-28,67,0,0,0,0
2013-12-29,70,0,0,0,0
2013-12-30,70,0,0,0,0
2013-12-31,65,0,0,0,0
2014-01-01,71,0,0,0,0
2014-01-02,75,0,0,0,0
2014-01-03,73,0,0,0,0
2014-01-04,74,0,0,0,0
2014-01-05,83,0,0,0,0
2014-01-06,84,0,0,0,0
2014-01-07,79,0,0,0,0
2014-01-08,89,0,0,0,0
2014-01-09,89,0,0,0,0
2014-01-10,85,0,0,0,0
2014-01-11,87,0,0,0,0
2014-01-12,94,0,0,0,0
2014-01-13,94,0,0,0,0
2014-01-14,94,0,0,0,0
2014-01-15,93,0,0,0,0
2014-01-16,90,0,0,0,0
2014-01-17,85,0,0,0,0
2014-01-18,84,0,0,0,0
2014-01-19,93,0,0,0,0
2014-01-20,86,0,0,0,0
2014-01-21,86,0,0,0,0
2014-01-22,85,0,0,0,0
2014-01-23,89,0,0,0,0
2014-01-24,85,0,0,0,0
2014-01-25,85,0,0,0,0
2014-01-26,100,0,0,0,0
2014-01-27,91,0,0,0,0
2014-01-28,88,0,0,0,0
2014-01-29,85,0,0,0,0
2014-01-30,88,0,0,0,0
2014-01-31,82,0,0,0,0
2014-02-01,86,0,0,0,0
2014-02-02,94,0,0,0,0
2014-02-03,91,0,0,0,0
2014-02-04,91,0,0,0,0
2014-02-05,90,0,0,0,0
2014-02-06,89,0,0,0,0
2014-02-07,86,0,0,0,0
2014-02-08,98,0,0,0,0
2014-02-09,93,0,0,0,0
2014-02-10,92,0,0,0,0
2014-02-11,88,0,0,0,0
2014-02-12,85,0,0,0,0
2014-02-13,86,0,0,0,0
2014-02-14,76,0,0,0,0
2014-02-15,84,0,0,0,0
2014-02-16,90,0,0,0,0
2014-02-17,86,0,0,0,0
2014-02-18,84,0,0,0,0
2014-02-19,86,0,0,0,0
2014-02-20,85,0,0,0,0
2014-02-21,83,0,0,0,0
2014-02-22,81,0,0,0,0
2014-02-23,76,0,0,0,0
2014-02-24,80,0,0,0,0
2014-02-25,76,0,0,0,0
2014-02-26,72,0,0,0,0
2014-02-27,68,0,0,0,0
2014-02-28,66,0,0,0,0
2014-03-01,67,0,0,0,0
2014-03-02,73,0,0,0,0
2014-03-03,68,0,0,0,0
2014-03-04,72,0,0,0,0
2014-03-05,76,0,0,0,0
2014-03-06,70,0,0,0,0
2014-03-07,68,0,0,0,0
2014-03-08,67,0,0,0,0
2014-03-09,76,0,0,0,0
2014-03-10,74,0,0,0,0
2014-03-11,71,0,0,0,0
2014-03-12,72,0,0,0,0
2014-03-13,70,0,0,0,0
2014-03-14,63,0,0,0,0
2014-03-15,63,0,0,0,0
2014-03-16,69,0,0,0,0
2014-03-17,67,0,0,0,0
2014-03-18,68,0,0,0,0
2014-03-19,69,0,0,0,0
2014-03-20,68,0,0,0,0
2014-03-21,61,0,0,0,0
2014-03-22,63,0,0,0,0
2014-03-23,71,0,0,0,0
2014-03-24,71,0,0,0,0
2014-03-25,68,0,0,0,0
2014-03-26,71,0,0,0,0
2014-03-27,69,0,0,0,0
2014-03-28,68,0,0,0,0
2014-03-29,67,0,0,0,0
2014-03-30,76,0,0,0,0
2014-03-31,72,0,0,0,0
2014-04-01,70,0,0,0,0
2014-04-02,68,0,0,0,0
2014-04-03,69,0,0,0,0
2014-04-04,69,0,0,0,0
2014-04-05,67,0,0,0,0
2014-04-06,78,0,0,0,0
2014-04-07,73,0,0,0,0
2014-04-08,71,0,0,0,0
2014-04-09,70,0,0,0,0
2014-04-10,73,0,0,0,0
2014-04-11,69,0,0,0,0
2014-04-12,68,0,0,0,0
2014-04-13,72,0,0,0,0
2014-04-14,71,0,0,0,0
2014-04-15,68,0,0,0,0
2014-04-16,68,0,0,0,0
2014-04-17,65,0,0,0,0
2014-04-18,59,0,0,0,0
2014-04-19,59,0,0,0,0
2014-04-20,64,0,0,0,0
2014-04-21,73,0,0,0,0
2014-04-22,72,0,0,0,0
2014-04-23,72,0,0,0,0
2014-04-24,74,0,0,0,0
2014-04-25,71,0,0,0,0
2014-04-26,66,0,0,0,0
2014-04-27,75,0,0,0,0
2014-04-28,76,0,0,0,0
2014-04-29,75,0,0,0,0
2014-04-30,75,0,0,0,0
2014-05-01,75,0,0,0,0
2014-05-02,77,0,0,0,0
2014-05-03,73,0,0,0,0
2014-05-04,76,0,0,0,0
2014-05-05,79,0,0,0,0
2014-05-06,82,0,0,0,0
2014-05-07,81,0,0,0,0
2014-05-08,82,0,0,0,0
2014-05-09,84,0,0,0,0
2014-05-10,100,0,0,0,0
2014-05-11,91,0,0,0,0
2014-05-12,83,0,0,0,0
2014-05-13,80,0,0,0,0
2014-05-14,79,0,0,0,0
2014-05-15,76,0,0,0,0
2014-05-16,74,0,0,0,0
2014-05-17,65,0,0,0,0
2014-05-18,79,0,0,0,0
2014-05-19,82,0,0,0,0
2014-05-20,82,0,0,0,0
2014-05-21,76,0,0,0,0
2014-05-22,76,0,0,0,0
2014-05-23,73,0,0,0,0
2014-05-24,14,0,0,0,0
2014-05-25,14,0,0,0,0
2014-05-26,14,0,0,0,0
2014-05-27,14,0,0,0,0
2014-05-28,13,0,0,0,0
2014-05-29,14,0,0,0,0
2014-05-30,13,0,0,0,0
2014-05-31,14,0,0,0,0
2014-06-01,15,0,0,0,0
2014-06-02,15,0,0,0,0
2014-06-03,18,0,0,0,0
2014-06-04,17,0,0,0,0
2014-06-05,14,0,0,0,0
2014-06-06,14,0,0,0,0
2014-06-07,15,0,0,0,0
2014-06-08,15,0,0,0,0
2014-06-09,15,0,0,0,0
2014-06-10,15,0,0,0,0
2014-06-11,15,0,0,0,0
2014-06-12,16,0,0,0,0
2014-06-13,16,0,0,0,0
2014-06-14,58,0,0,0,0
2014-06-15,24,0,0,0,0
2014-06-16,17,0,0,0,0
2014-06-17,16,0,0,0,0
2014-06-18,15,0,0,0,0
2014-06-19,35,0,0,0,0
2014-06-20,35,0,0,0,0
2014-06-21,16,0,0,0,0
2014-06-22,16,0,0,0,0
2014-06-23,16,0,0,0,0
2014-06-24,34,0,0,0,0
2014-06-25,33,0,0,0,0
2014-06-26,20,0,0,0,0
2014-06-27,18,0,0,0,0
2014-06-28,20,0,0,0,0
2014-06-29,100,0,0,0,0
2014-06-30,55,0,0,0,0
2014-07-01,21,0,0,0,0
2014-07-02,17,0,0,0,0
2014-07-03,15,0,0,0,0
2014-07-04,16,0,0,0,0
2014-07-05,16,0,0,0,0
2014-07-06,15,0,0,0,0
2014-07-07,14,0,0,0,0
2014-07-08,14,0,0,0,0
2014-07-09,13,0,0,0,0
2014-07-10,13,0,0,0,0
2014-07-11,13,0,0,0,0
2014-07-12,13,0,0,0,0
2014-07-13,15,0,0,0,0
2014-07-14,14,0,0,0,0
2014-07-15,14,0,0,0,0
2014-07-16,14,0,0,0,0
2014-07-17,12,0,0,0,0
2014-07-18,12,0,0,0,0
2014-07-19,13,0,0,0,0
2014-07-20,14,0,0,0,0
2014-07-21,13,0,0,0,0
2014-07-22,13,0,0,0,0
2014-07-23,13,0,0,0,0
2014-07-24,13,0,0,0,0
2014-07-25,12,0,0,0,0
2014-07-26,12,0,0,0,0
2014-07-27,13,0,0,0,0
2014-07-28,13,0,0,0,0
2014-07-29,12,0,0,0,0
2014-07-30,12,0,0,0,0
2014-07-31,12,0,0,0,0
2014-08-01,12,0,0,0,0
2014-08-02,13,0,0,0,0
2014-08-03,13,0,0,0,0
2014-08-04,13,0,0,0,0
2014-08-05,13,0,0,0,0
2014-08-06,12,0,0,0,0
2014-08-07,12,0,0,0,0
2014-08-08,12,0,0,0,0
2014-08-09,12,0,0,0,0
2014-08-10,13,0,0,0,0
2014-08-11,12,0,0,0,0
2014-08-12,11,0,0,0,0
2014-08-13,12,0,0,0,0
2014-08-14,12,0,0,0,0
2014-08-15,11,0,0,0,0
2014-08-16,11,0,0,0,0
2014-08-17,13,0,0,0,0
2014-08-18,13,0,0,0,0
2014-08-19,12,0,0,0,0
2014-08-20,12,0,0,0,0
2014-08-21,12,0,0,0,0
2014-08-22,66,0,0,0,0
2014-08-23,62,0,0,0,0
2014-08-24,70,0,0,0,0
2014-08-25,71,0,0,0,0
2014-08-26,68,0,0,0,0
2014-08-27,67,0,0,0,0
2014-08-28,67,0,0,0,0
2014-08-29,71,0,0,0,0
2014-08-30,67,0,0,0,0
2014-08-31,100,0,0,0,0
2014-09-01,89,0,0,0,0
2014-09-02,79,0,0,0,0
2014-09-03,78,0,0,0,0
2014-09-04,77,0,0,0,0
2014-09-05,74,0,0,0,0
2014-09-06,70,0,0,0,0
2014-09-07,91,0,0,0,0
2014-09-08,78,0,0,0,0
2014-09-09,74,0,0,0,0
2014-09-10,70,0,0,0,0
2014-09-11,68,0,0,0,0
2014-09-12,68,0,0,0,0
2014-09-13,63,0,0,0,0
2014-09-14,68,0,0,0,0
2014-09-15,73,0,0,0,0
2014-09-16,72,0,0,0,0
2014-09-17,70,0,0,0,0
2014-09-18,70,0,0,0,0
2014-09-19,66,0,0,0,0
2014-09-20,59,0,0,0,0
2014-09-21,66,0,0,0,0
2014-09-22,71,0,0,0,0
2014-09-23,73,0,0,0,0
2014-09-24,71,0,0,0,0
2014-09-25,67,0,0,0,0
2014-09-26,64,0,0,0,0
2014-09-27,58,0,0,0,0
2014-09-28,68,0,0,0,0
2014-09-29,67,0,0,0,0
2014-09-30,65,0,0,0,0
2014-10-01,63,0,0,0,0
2014-10-02,63,0,0,0,0
2014-10-03,64,0,0,0,0
2014-10-04,55,0,0,0,0
2014-10-05,62,0,0,0,0
2014-10-06,66,0,0,0,0
2014-10-07,67,0,0,0,0
2014-10-08,64,0,0,0,0
2014-10-09,66,0,0,0,0
2014-10-10,60,0,0,0,0
2014-10-11,61,0,0,0,0
2014-10-12,61,0,0,0,0
2014-10-13,65,0,0,0,0
2014-10-14,70,0,0,0,0
2014-10-15,67,0,0,0,0
2014-10-16,63,0,0,0,0
2014-10-17,59,0,0,0,0
2014-10-18,53,0,0,0,0
2014-10-19,59,0,0,0,0
2014-10-20,60,0,0,0,0
2014-10-21,60,0,0,0,0
2014-10-22,59,0,0,0,0
2014-10-23,60,0,0,0,0
2014-10-24,56,0,0,0,0
2014-10-25,52,0,0,0,0
2014-10-26,60,0,0,0,0
2014-10-27,61,0,0,0,0
2014-10-28,57,0,0,0,0
2014-10-29,58,0,0,0,0
2014-10-30,56,0,0,0,0
2014-10-31,53,0,0,0,0
2014-11-01,49,0,0,0,0
2014-11-02,56,0,0,0,0
2014-11-03,58,0,0,0,0
2014-11-04,58,0,0,0,0
2014-11-05,57,0,0,0,0
2014-11-06,57,0,0,0,0
2014-11-07,55,0,0,0,0
2014-11-08,49,0,0,0,0
2014-11-09,55,0,0,0,0
2014-11-10,61,0,0,0,0
2014-11-11,55,0,0,0,0
2014-11-12,56,0,0,0,0
2014-11-13,59,0,0,0,0
2014-11-14,62,0,0,0,0
2014-11-15,53,0,0,0,0
2014-11-16,56,0,0,0,0
2014-11-17,61,0,0,0,0
2014-11-18,60,0,0,0,0
2014-11-19,57,0,0,0,0
2014-11-20,41,0,0,0,0
2014-11-21,38,0,0,0,0
2014-11-22,33,0,0,0,0
2014-11-23,39,0,0,0,0
2014-11-24,40,0,0,0,0
2014-11-25,38,0,0,0,0
2014-11-26,36,0,0,0,0
2014-11-27,34,0,0,0,0
2014-11-28,32,0,0,0,0
2014-11-29,33,0,0,0,0
2014-11-30,39,0,0,0,0
2014-12-01,38,0,0,0,0
2014-12-02,41,0,0,0,0
2014-12-03,42,0,0,0,0
2014-12-04,41,0,0,0,0
2014-12-05,39,0,0,0,0
2014-12-06,35,0,0,0,0
2014-12-07,37,0,0,0,0
2014-12-08,43,0,0,0,0
2014-12-09,43,0,0,0,0
2014-12-10,41,0,0,0,0
2014-12-11,42,0,0,0,0
2014-12-12,39,0,0,0,0
2014-12-13,34,0,0,0,0
2014-12-14,37,0,0,0,0
2014-12-15,40,0,0,0,0
2014-12-16,40,0,0,0,0
2014-12-17,42,0,0,0,0
2014-12-18,40,0,0,0,0
2014-12-19,34,0,0,0,0
2014-12-20,32,0,0,0,0
2014-12-21,35,0,0,0,0
2014-12-22,35,0,0,0,0
2014-12-23,32,0,0,0,0
2014-12-24,32,0,0,0,0
2014-12-25,30,0,0,0,0
2014-12-26,35,0,0,0,0
2014-12-27,36,0,0,0,0
2014-12-28,47,0,0,0,0
2014-12-29,50,0,0,0,0
2014-12-30,45,0,0,0,0
2014-12-31,39,0,0,0,0
2015-01-01,39,0,0,0,0
2015-01-02,43,0,0,0,0
2015-01-03,48,0,0,0,0
2015-01-04,51,0,0,0,0
2015-01-05,53,0,0,0,0
2015-01-06,53,0,0,0,0
2015-01-07,52,0,0,0,0
2015-01-08,51,0,0,0,0
2015-01-09,47,0,0,0,0
2015-01-10,45,0,0,0,0
2015-01-11,51,0,0,0,0
2015-01-12,53,0,0,0,0
2015-01-13,50,0,0,0,0
2015-01-14,50,0,0,0,0
2015-01-15,50,0,0,0,0
2015-01-16,48,0,0,0,0
2015-01-17,44,0,0,0,0
2015-01-18,53,0,0,0,0
2015-01-19,50,0,0,0,0
2015-01-20,50,0,0,0,0
2015-01-21,50,0,0,0,0
2015-01-22,51,0,0,0,0
2015-01-23,53,0,0,0,0
2015-01-24,53,0,0,0,0
2015-01-25,100,0,1,1,0
2015-01-26,98,0,2,0,0
2015-01-27,68,0,1,0,0
2015-01-28,63,0,1,0,0
2015-01-29,60,0,1,0,0
2015-01-30,58,0,1,0,0
2015-01-31,56,0,1,0,0
2015-02-01,60,0,1,0,0
2015-02-02,57,0,1,0,0
2015-02-03,55,0,1,0,0
2015-02-04,56,0,1,0,0
2015-02-05,60,0,1,1,0
2015-02-06,53,0,1,0,0
2015-02-07,48,0,0,0,0
2015-02-08,57,0,1,0,0
2015-02-09,64,0,1,1,0
2015-02-10,59,0,1,1,0
2015-02-11,64,0,1,1,0
2015-02-12,60,1,1,1,0
2015-02-13,51,0,0,0,0
2015-02-14,46,0,0,0,0
2015-02-15,55,0,0,0,0
2015-02-16,67,1,1,1,0
2015-02-17,68,1,1,1,0
2015-02-18,87,1,1,1,0
2015-02-19,88,1,1,1,0
2015-02-20,100,2,2,1,0
2015-02-21,77,1,1,1,0
2015-02-22,82,1,1,1,0
2015-02-23,84,1,1,1,0
2015-02-24,83,1,1,1,0
2015-02-25,74,0,1,1,0
2015-02-26,73,0,0,0,0
2015-02-27,71,0,0,1,0
2015-02-28,64,0,1,0,0
2015-03-01,73,0,1,0,0
2015-03-02,79,0,0,0,0
2015-03-03,74,0,1,1,0
2015-03-04,72,0,0,0,0
2015-03-05,71,0,0,0,0
2015-03-06,68,0,0,0,0
2015-03-07,62,0,0,0,0
2015-03-08,72,0,0,0,0
2015-03-09,77,0,0,0,0
2015-03-10,73,0,0,0,0
2015-03-11,76,0,0,0,0
2015-03-12,74,0,0,0,0
2015-03-13,71,0,1,1,0
2015-03-14,64,0,0,0,0
2015-03-15,71,0,0,0,0
2015-03-16,77,0,0,0,0
2015-03-17,72,0,0,0,0
2015-03-18,73,0,0,0,0
2015-03-19,75,0,0,0,0
2015-03-20,71,0,0,0,0
2015-03-21,64,0,0,0,0
2015-03-22,73,0,0,0,0
2015-03-23,80,0,1,0,0
2015-03-24,77,0,0,0,0
2015-03-25,70,0,0,1,0
2015-03-26,74,0,0,0,0
2015-03-27,70,0,0,0,0
2015-03-28,67,0,0,0,0
2015-03-29,86,0,0,0,0
2015-03-30,78,0,0,0,0
2015-03-31,73,0,0,0,0
2015-04-01,69,0,0,0,0
2015-04-02,70,0,0,0,0
2015-04-03,71,0,0,0,0
2015-04-04,68,0,0,0,0
2015-04-05,73,0,0,0,0
2015-04-06,79,0,1,0,0
2015-04-07,77,0,1,0,0
2015-04-08,78,0,1,1,0
2015-04-09,76,0,1,0,0
2015-04-10,66,0,1,0,0
2015-04-11,62,0,0,0,0
2015-04-12,71,0,0,0,0
2015-04-13,74,0,1,0,0
2015-04-14,79,0,1,0,0
2015-04-15,79,0,1,0,0
2015-04-16,82,0,1,1,0
2015-04-17,79,0,1,0,0
2015-04-18,73,0,1,0,0
2015-04-19,83,0,1,1,0
2015-04-20,90,0,1,1,0
2015-04-21,88,0,1,1,0
2015-04-22,79,0,1,1,0
2015-04-23,82,0,1,0,0
2015-04-24,81,0,1,0,0
2015-04-25,73,0,0,0,0
2015-04-26,82,0,1,1,0
2015-04-27,86,0,1,0,0
2015-04-28,82,0,1,1,0
2015-04-29,81,0,0,0,0
2015-04-30,80,0,0,0,0
2015-05-01,76,0,0,0,0
2015-05-02,68,0,0,0,0
2015-05-03,79,0,0,0,0
2015-05-04,85,0,1,0,0
2015-05-05,86,0,1,0,0
2015-05-06,83,0,1,1,0
2015-05-07,82,0,1,0,0
2015-05-08,80,0,0,0,0
2015-05-09,73,0,0,0,0
2015-05-10,86,0,0,0,0
2015-05-11,92,0,1,1,0
2015-05-12,90,0,1,1,0
2015-05-13,89,0,1,1,0
2015-05-14,85,0,1,0,0
2015-05-15,80,0,0,0,0
2015-05-16,72,0,0,0,0
2015-05-17,82,0,0,0,0
2015-05-18,91,0,1,0,0
2015-05-19,14,0,0,0,0
2015-05-20,14,0,0,0,0
2015-05-21,14,0,0,0,0
2015-05-22,14,0,0,0,0
2015-05-23,14,0,0,0,0
2015-05-24,15,0,0,0,0
2015-05-25,15,0,0,0,0
2015-05-26,14,0,0,0,0
2015-05-27,14,0,0,0,0
2015-05-28,14,0,0,0,0
2015-05-29,14,0,0,0,0
2015-05-30,13,0,0,0,0
2015-05-31,14,0,0,0,0
2015-06-01,15,0,0,0,0
2015-06-02,16,0,0,0,0
2015-06-03,15,0,0,0,0
2015-06-04,16,0,0,0,0
2015-06-05,16,0,0,0,0
2015-06-06,14,0,0,0,0
2015-06-07,15,0,0,0,0
2015-06-08,15,0,0,0,0
2015-06-09,16,0,0,0,0
2015-06-10,15,0,0,0,0
2015-06-11,15,0,0,0,0
2015-06-12,16,0,0,0,0
2015-06-13,15,0,0,0,0
2015-06-14,18,0,0,0,0
2015-06-15,19,0,0,0,0
2015-06-16,19,0,0,0,0
2015-06-17,20,0,0,0,0
2015-06-18,21,0,1,0,0
2015-06-19,21,0,0,0,0
2015-06-20,18,0,0,0,0
2015-06-21,21,0,0,0,0
2015-06-22,27,0,1,1,0
2015-06-23,21,0,0,0,0
2015-06-24,20,0,0,0,0
2015-06-25,21,0,1,1,0
2015-06-26,21,0,0,0,0
2015-06-27,29,0,1,1,1
2015-06-28,41,0,1,2,1
2015-06-29,64,0,3,5,1
2015-06-30,69,1,3,6,1
2015-07-01,59,1,3,4,1
2015-07-02,40,1,2,3,1
2015-07-03,37,0,2,2,1
2015-07-04,38,0,2,2,2
2015-07-05,100,1,2,4,15
2015-07-06,85,1,3,4,5
2015-07-07,50,1,2,2,1
2015-07-08,43,0,2,2,0
2015-07-09,38,0,1,2,0
2015-07-10,34,0,1,1,0
2015-07-11,32,0,1,1,0
2015-07-12,44,1,1,2,0
2015-07-13,45,1,1,2,0
2015-07-14,31,1,1,1,0
2015-07-15,31,1,1,1,0
2015-07-16,27,1,1,1,0
2015-07-17,22,0,0,1,0
2015-07-18,19,0,0,0,0
2015-07-19,20,0,0,1,0
2015-07-20,19,0,0,0,0
2015-07-21,18,0,0,0,0
2015-07-22,17,0,0,0,0
2015-07-23,16,0,0,0,0
2015-07-24,15,0,0,0,0
2015-07-25,14,0,0,0,0
2015-07-26,16,0,0,0,0
2015-07-27,15,0,0,0,0
2015-07-28,14,0,0,0,0
2015-07-29,14,0,0,0,0
2015-07-30,14,0,0,0,0
2015-07-31,14,0,0,0,0
2015-08-01,13,0,0,0,0
2015-08-02,15,0,0,0,0
2015-08-03,16,0,0,0,0
2015-08-04,14,0,0,0,0
2015-08-05,14,0,0,0,0
2015-08-06,14,0,0,0,0
2015-08-07,13,0,0,0,0
2015-08-08,12,0,0,0,0
2015-08-09,13,0,0,0,0
2015-08-10,13,0,0,0,0
2015-08-11,13,0,0,0,0
2015-08-12,13,0,0,0,0
2015-08-13,13,0,0,0,0
2015-08-14,13,0,0,0,0
2015-08-15,12,0,0,0,0
2015-08-16,13,0,0,0,0
2015-08-17,85,0,1,1,0
2015-08-18,84,0,0,1,0
2015-08-19,84,1,1,1,0
2015-08-20,93,1,1,1,0
2015-08-21,91,0,1,1,0
2015-08-22,84,0,1,1,0
2015-08-23,92,0,0,1,0
2015-08-24,88,0,1,1,0
2015-08-25,84,0,1,1,0
2015-08-26,81,0,0,1,0
2015-08-27,84,0,0,1,0
2015-08-28,84,0,0,1,0
2015-08-29,80,0,0,1,0
2015-08-30,85,0,1,1,0
2015-08-31,85,0,0,1,0
2015-09-01,82,0,0,1,0
2015-09-02,82,0,1,1,0
2015-09-03,90,0,0,1,0
2015-09-04,91,0,1,1,0
2015-09-05,80,0,0,1,0
2015-09-06,91,0,0,1,0
2015-09-07,100,0,0,1,0
2015-09-08,94,0,1,1,0
2015-09-09,91,0,0,1,0
2015-09-10,88,0,0,1,0
2015-09-11,81,0,0,1,0
2015-09-12,76,0,0,1,0
2015-09-13,81,0,0,1,0
2015-09-14,86,0,0,1,0
2015-09-15,92,0,0,1,0
2015-09-16,80,0,0,1,0
2015-09-17,82,0,1,1,0
2015-09-18,80,0,0,1,0
2015-09-19,70,0,0,1,0
2015-09-20,92,0,0,1,0
2015-09-21,95,0,1,1,0
2015-09-22,85,0,0,1,0
2015-09-23,82,0,0,1,0
2015-09-24,79,0,0,1,0
2015-09-25,76,0,0,1,0
2015-09-26,69,0,0,1,0
2015-09-27,75,0,0,1,0
2015-09-28,77,0,0,1,0
2015-09-29,78,0,0,1,0
2015-09-30,73,0,0,1,0
2015-10-01,74,0,0,1,0
2015-10-02,70,0,0,1,0
2015-10-03,62,0,0,1,0
2015-10-04,66,0,0,1,0
2015-10-05,75,0,0,1,0
2015-10-06,71,0,0,1,0
2015-10-07,73,0,0,1,0
2015-10-08,85,0,0,1,0
2015-10-09,73,0,0,1,0
2015-10-10,63,0,0,1,0
2015-10-11,75,0,0,1,0
2015-10-12,74,0,0,1,0
2015-10-13,71,0,0,1,0
2015-10-14,67,0,1,1,0
2015-10-15,69,0,0,1,0
2015-10-16,66,0,0,1,0
2015-10-17,59,0,0,1,0
2015-10-18,65,0,0,1,0
2015-10-19,71,0,0,1,0
2015-10-20,69,0,0,1,0
2015-10-21,71,0,0,1,0
2015-10-22,71,0,0,1,0
2015-10-23,69,0,0,0,0
2015-10-24,60,0,0,0,0
2015-10-25,63,0,0,0,0
2015-10-26,65,0,0,0,0
2015-10-27,65,0,0,0,0
2015-10-28,67,0,0,1,0
2015-10-29,68,0,0,1,0
2015-10-30,62,0,0,1,0
2015-10-31,53,0,0,0,0
2015-11-01,62,0,0,1,0
2015-11-02,67,0,0,1,0
2015-11-03,67,0,1,1,0
2015-11-04,62,0,0,1,0
2015-11-05,64,0,0,1,0
2015-11-06,62,0,0,0,0
2015-11-07,52,0,0,0,0
2015-11-08,61,0,0,0,0
2015-11-09,66,0,0,0,0
2015-11-10,66,0,0,0,0
2015-11-11,61,0,0,0,0
2015-11-12,64,0,0,0,0
2015-11-13,67,0,0,1,0
2015-11-14,55,0,0,0,0
2015-11-15,69,0,0,0,0
2015-11-16,78,0,0,1,0
2015-11-17,94,0,0,1,0
2015-11-18,89,0,0,1,0
2015-11-19,82,0,0,1,0
2015-11-20,73,0,0,0,0
2015-11-21,61,0,0,0,0
2015-11-22,70,0,0,0,0
2015-11-23,73,0,0,1,0
2015-11-24,69,0,0,0,0
2015-11-25,65,0,0,1,0
2015-11-26,65,0,0,0,0
2015-11-27,65,0,0,0,0
2015-11-28,63,0,0,1,0
2015-11-29,72,0,0,1,0
2015-11-30,73,0,0,0,0
2015-12-01,71,0,0,1,0
2015-12-02,71,0,0,1,0
2015-12-03,74,0,0,1,0
2015-12-04,69,0,0,1,0
2015-12-05,56,0,0,0,0
2015-12-06,63,0,0,1,0
2015-12-07,73,0,0,0,0
2015-12-08,69,0,0,0,0
2015-12-09,69,0,0,1,0
2015-12-10,70,0,0,0,0
2015-12-11,71,0,0,0,0
2015-12-12,58,0,0,0,0
2015-12-13,65,0,0,1,0
2015-12-14,71,0,0,1,0
2015-12-15,67,0,0,0,0
2015-12-16,66,0,0,0,0
2015-12-17,71,0,0,0,0
2015-12-18,64,0,0,0,0
2015-12-19,56,0,0,0,0
2015-12-20,62,0,0,0,0
2015-12-21,71,0,0,0,0
2015-12-22,61,0,0,0,0
2015-12-23,59,0,0,0,0
2015-12-24,57,0,0,0,0
2015-12-25,60,0,0,0,0
2015-12-26,58,0,0,0,0
2015-12-27,66,0,0,0,0
2015-12-28,66,0,0,0,0
2015-12-29,62,0,0,0,0
2015-12-30,63,0,0,0,0
2015-12-31,59,0,0,0,0
2016-01-01,68,0,0,0,0
2016-01-02,73,0,0,0,0
2016-01-03,79,0,0,0,0
2016-01-04,83,0,0,0,0
2016-01-05,82,0,0,1,0
2016-01-06,80,0,0,1,0
2016-01-07,88,0,0,0,0
2016-01-08,82,0,0,0,0
2016-01-09,73,0,0,0,0
2016-01-10,83,0,0,0,0
2016-01-11,85,0,0,1,0
2016-01-12,81,0,0,1,0
2016-01-13,88,0,0,1,0
2016-01-14,84,0,0,0,0
2016-01-15,79,0,0,0,0
2016-01-16,73,0,0,0,0
2016-01-17,83,0,0,0,0
2016-01-18,88,0,0,0,0
2016-01-19,84,0,0,1,0
2016-01-20,84,0,0,0,0
2016-01-21,81,0,0,0,0
2016-01-22,86,0,0,1,0
2016-01-23,75,0,0,0,0
2016-01-24,80,0,0,1,0
2016-01-25,90,0,0,0,0
2016-01-26,83,0,0,1,0
2016-01-27,85,0,0,0,0
2016-01-28,85,0,0,0,0
2016-01-29,83,0,0,1,0
2016-01-30,74,0,0,0,0
2016-01-31,88,0,0,1,0
2016-02-01,100,0,0,0,0
2016-02-02,84,0,0,0,0
2016-02-03,87,0,1,1,0
2016-02-04,88,0,0,1,0
2016-02-05,78,0,0,0,0
2016-02-06,74,0,0,0,0
2016-02-07,82,0,0,0,0
2016-02-08,90,0,0,0,0
2016-02-09,88,0,0,0,0
2016-02-10,84,0,0,0,0
2016-02-11,82,0,0,0,0
2016-02-12,78,0,0,0,0
2016-02-13,64,0,0,0,0
2016-02-14,73,0,0,0,0
2016-02-15,74,0,0,0,0
2016-02-16,74,0,0,0,0
2016-02-17,77,0,0,0,0
2016-02-18,74,0,0,0,0
2016-02-19,71,0,0,0,0
2016-02-20,65,0,0,0,0
2016-02-21,76,0,0,0,0
2016-02-22,78,0,0,0,0
2016-02-23,77,0,0,1,0
2016-02-24,75,0,0,1,0
2016-02-25,77,0,0,0,0
2016-02-26,72,0,0,0,0
2016-02-27,67,0,0,0,0
2016-02-28,76,0,0,1,0
2016-02-29,78,0,0,1,0
2016-03-01,77,0,0,1,0
2016-03-02,75,0,0,1,0
2016-03-03,76,0,0,1,0
2016-03-04,71,0,0,1,0
2016-03-05,63,0,0,1,0
2016-03-06,73,0,0,1,0
2016-03-07,79,0,0,1,0
2016-03-08,76,0,0,1,0
2016-03-09,74,0,0,1,0
2016-03-10,75,0,0,0,0
2016-03-11,74,0,0,0,0
2016-03-12,64,0,0,1,0
2016-03-13,74,0,0,1,0
2016-03-14,76,0,0,1,0
2016-03-15,76,0,0,1,0
2016-03-16,74,0,0,1,0
2016-03-17,76,0,0,0,0
2016-03-18,72,0,0,0,0
2016-03-19,65,0,0,0,0
2016-03-20,74,0,0,0,0
2016-03-21,79,0,0,0,0
2016-03-22,74,0,0,0,0
2016-03-23,75,0,0,1,0
2016-03-24,77,0,0,0,0
2016-03-25,72,0,0,0,0
2016-03-26,68,0,0,0,0
2016-03-27,76,0,0,0,0
2016-03-28,76,0,0,0,0
2016-03-29,79,0,0,0,0
2016-03-30,73,0,0,0,0
2016-03-31,75,0,0,0,0
2016-04-01,73,0,0,0,0
2016-04-02,70,0,0,0,0
2016-04-03,80,0,0,0,0
2016-04-04,88,0,0,1,0
2016-04-05,83,0,0,1,0
2016-04-06,84,0,0,1,0
2016-04-07,80,0,0,0,0
2016-04-08,77,0,0,0,0
2016-04-09,74,0,0,1,0
2016-04-10,84,0,0,0,0
2016-04-11,86,0,0,1,0
2016-04-12,81,0,0,1,0
2016-04-13,81,0,0,0,0
2016-04-14,80,0,0,1,0
2016-04-15,77,0,0,0,0
2016-04-16,76,0,0,0,0
2016-04-17,85,0,0,0,0
2016-04-18,87,0,0,0,0
2016-04-19,83,0,0,0,0
2016-04-20,81,0,0,1,0
2016-04-21,83,0,0,0,0
2016-04-22,82,0,0,0,0
2016-04-23,70,0,0,0,0
2016-04-24,80,0,0,0,0
2016-04-25,83,0,0,1,0
2016-04-26,85,0,0,1,0
2016-04-27,84,0,0,0,0
2016-04-28,82,0,0,0,0
2016-04-29,74,0,0,0,0
2016-04-30,67,0,0,0,0
2016-05-01,75,0,0,0,0
2016-05-02,83,0,0,1,0
2016-05-03,84,0,0,0,0
2016-05-04,86,0,0,0,0
2016-05-05,88,0,0,0,0
2016-05-06,84,0,0,0,0
2016-05-07,79,0,0,0,0
2016-05-08,86,0,0,1,0
2016-05-09,100,0,1,0,0
2016-05-10,97,0,0,0,0
2016-05-11,92,0,0,0,0
2016-05-12,91,0,0,0,0
2016-05-13,69,0,0,0,0
2016-05-14,65,0,0,0,0
2016-05-15,71,0,0,0,0
2016-05-16,75,0,0,0,0
2016-05-17,74,0,0,0,0
2016-05-18,73,0,0,0,0
2016-05-19,79,0,0,0,0
2016-05-20,72,0,0,0,0
2016-05-21,70,0,0,0,0
2016-05-22,76,0,0,0,0
2016-05-23,74,0,0,0,0
2016-05-24,73,0,0,0,0
2016-05-25,71,0,0,0,0
2016-05-26,70,0,0,0,0
2016-05-27,68,0,0,0,0
2016-05-28,65,0,0,0,0
2016-05-29,69,0,0,0,0
2016-05-30,70,0,0,0,0
2016-05-31,69,0,0,0,0
2016-06-01,69,0,0,0,0
2016-06-02,69,0,0,0,0
2016-06-03,72,0,0,0,0
2016-06-04,100,0,0,0,0
2016-06-05,75,0,0,0,0
2016-06-06,74,0,0,0,0
2016-06-07,100,0,0,0,0
2016-06-08,76,0,0,0,0
2016-06-09,71,0,0,0,0
2016-06-10,71,0,0,0,0
2016-06-11,69,0,0,0,0
2016-06-12,75,0,0,0,0
2016-06-13,72,0,0,0,0
2016-06-14,69,0,0,0,0
2016-06-15,70,0,0,0,0
2016-06-16,66,0,0,0,0
2016-06-17,68,0,0,0,0
2016-06-18,68,0,0,0,0
2016-06-19,73,0,0,0,0
2016-06-20,72,0,0,0,0
2016-06-21,72,0,0,0,0
2016-06-22,71,0,0,0,0
2016-06-23,71,0,0,0,0
2016-06-24,78,0,0,1,1
2016-06-25,75,0,0,0,0
2016-06-26,79,0,0,0,0
2016-06-27,73,0,0,0,0
2016-06-28,76,0,0,0,0
2016-06-29,76,0,0,0,0
2016-06-30,71,0,0,0,0
2016-07-01,69,0,0,0,0
2016-07-02,71,0,0,0,0
2016-07-03,78,0,0,0,0
2016-07-04,79,0,0,0,0
2016-07-05,73,0,0,0,0
2016-07-06,75,0,0,0,0
2016-07-07,73,0,0,0,0
2016-07-08,73,0,0,0,0
2016-07-09,75,0,0,0,0
2016-07-10,87,0,0,0,0
2016-07-11,79,0,0,0,0
2016-07-12,78,0,0,0,0
2016-07-13,73,0,0,0,0
2016-07-14,76,0,0,0,0
2016-07-15,76,0,0,0,0
2016-07-16,82,0,0,0,0
2016-07-17,81,0,0,0,0
2016-07-18,78,0,0,0,0
2016-07-19,72,0,0,0,0
2016-07-20,70,0,0,0,0
2016-07-21,71,0,0,0,0
2016-07-22,67,0,0,0,0
2016-07-23,69,0,0,0,0
2016-07-24,75,0,0,0,0
2016-07-25,72,0,0,0,0
2016-07-26,70,0,0,0,0
2016-07-27,69,0,0,0,0
2016-07-28,67,0,0,0,0
2016-07-29,65,0,0,0,0
2016-07-30,68,0,0,0,0
2016-07-31,75,0,0,0,0
2016-08-01,72,0,0,0,0
2016-08-02,67,0,0,0,0
2016-08-03,68,0,0,0,0
2016-08-04,67,0,0,0,0
2016-08-05,66,0,0,0,0
2016-08-06,73,0,0,0,0
2016-08-07,73,0,0,0,0
2016-08-08,70,0,0,0,0
2016-08-09,70,0,0,0,0
2016-08-10,69,0,0,0,0
2016-08-11,91,0,0,0,0
2016-08-12,86,0,0,0,0
2016-08-13,86,0,0,0,0
2016-08-14,96,0,0,0,0
2016-08-15,92,0,0,0,0
2016-08-16,93,0,0,0,0
2016-08-17,88,0,0,0,0
2016-08-18,87,0,0,0,0
2016-08-19,84,0,0,0,0
2016-08-20,88,0,0,0,0
2016-08-21,92,0,0,0,0
2016-08-22,98,0,0,0,0
2016-08-23,89,0,0,0,0
2016-08-24,88,0,0,0,0
2016-08-25,88,0,0,0,0
2016-08-26,87,0,0,0,0
2016-08-27,79,0,0,0,0
2016-08-28,88,0,0,0,0
2016-08-29,88,0,0,0,0
2016-08-30,86,0,0,0,0
2016-08-31,86,0,0,0,0
2016-09-01,97,0,0,0,0
2016-09-02,90,0,0,0,0
2016-09-03,80,0,0,0,0
2016-09-04,90,0,0,0,0
2016-09-05,89,0,0,0,0
2016-09-06,100,0,0,0,0
2016-09-07,95,0,0,0,0
2016-09-08,97,0,0,0,0
2016-09-09,87,0,0,0,0
2016-09-10,78,0,0,0,0
2016-09-11,87,0,0,0,0
2016-09-12,90,0,0,0,0
2016-09-13,88,0,0,0,0
2016-09-14,86,0,0,0,0
2016-09-15,87,0,0,0,0
2016-09-16,83,0,0,0,0
2016-09-17,73,0,0,0,0
2016-09-18,83,0,0,0,0
2016-09-19,89,0,0,0,0
2016-09-20,83,0,0,0,0
2016-09-21,82,0,0,0,0
2016-09-22,84,0,0,0,0
2016-09-23,80,0,0,0,0
2016-09-24,70,0,0,0,0
2016-09-25,79,0,0,0,0
2016-09-26,84,0,0,0,0
2016-09-27,78,0,0,0,0
2016-09-28,76,0,0,0,0
2016-09-29,79,0,0,0,0
2016-09-30,74,0,0,0,0
2016-10-01,64,0,0,0,0
2016-10-02,75,0,0,0,0
2016-10-03,76,0,0,0,0
2016-10-04,77,0,0,0,0
2016-10-05,74,0,0,0,0
2016-10-06,77,0,0,0,0
2016-10-07,85,0,0,0,0
2016-10-08,82,0,0,0,0
2016-10-09,76,0,0,0,0
2016-10-10,85,0,0,0,0
2016-10-11,79,0,0,0,0
2016-10-12,74,0,0,0,0
2016-10-13,76,0,0,0,0
2016-10-14,73,0,0,0,0
2016-10-15,66,0,0,0,0
2016-10-16,76,0,0,0,0
2016-10-17,81,0,0,0,0
2016-10-18,72,0,0,0,0
2016-10-19,69,0,0,0,0
2016-10-20,73,0,0,0,0
2016-10-21,68,0,0,0,0
2016-10-22,62,0,0,0,0
2016-10-23,69,0,0,0,0
2016-10-24,72,0,0,0,0
2016-10-25,69,0,0,0,0
2016-10-26,67,0,0,0,0
2016-10-27,70,0,0,0,0
2016-10-28,67,0,0,0,0
2016-10-29,59,0,0,0,0
2016-10-30,69,0,0,0,0
2016-10-31,71,0,0,0,0
2016-11-01,70,0,0,0,0
2016-11-02,67,0,0,0,0
2016-11-03,66,0,0,0,0
2016-11-04,65,0,0,0,0
2016-11-05,59,0,0,0,0
2016-11-06,67,0,0,0,0
2016-11-07,72,0,0,0,0
2016-11-08,63,0,0,0,0
2016-11-09,70,0,0,0,0
2016-11-10,76,0,0,0,0
2016-11-11,74,0,0,0,0
2016-11-12,67,0,0,0,0
2016-11-13,91,0,0,0,0
2016-11-14,89,0,0,0,0
2016-11-15,98,0,0,0,0
2016-11-16,96,0,0,0,0
2016-11-17,90,0,0,0,0
2016-11-18,78,0,0,0,0
2016-11-19,67,0,0,0,0
2016-11-20,72,0,0,0,0
2016-11-21,76,0,0,0,0
2016-11-22,74,0,0,0,0
2016-11-23,73,0,0,0,0
2016-11-24,75,0,0,0,0
2016-11-25,76,0,0,0,0
2016-11-26,66,0,0,0,0
2016-11-27,74,0,0,0,0
2016-11-28,78,0,0,0,0
2016-11-29,74,0,0,0,0
2016-11-30,75,0,0,1,0
2016-12-01,78,0,0,0,0
2016-12-02,73,0,0,0,0
2016-12-03,63,0,0,0,0
2016-12-04,73,0,0,0,0
2016-12-05,77,0,0,0,0
2016-12-06,72,0,0,0,0
2016-12-07,72,0,0,0,0
2016-12-08,76,0,0,0,0
2016-12-09,73,0,0,0,0
2016-12-10,59,0,0,0,0
2016-12-11,72,0,0,0,0
2016-12-12,77,0,0,0,0
2016-12-13,74,0,0,0,0
2016-12-14,74,0,0,0,0
2016-12-15,76,0,0,0,0
2016-12-16,73,0,0,0,0
2016-12-17,61,0,0,0,0
2016-12-18,70,0,0,0,0
2016-12-19,70,0,0,0,0
2016-12-20,65,0,0,0,0
2016-12-21,65,0,0,0,0
2016-12-22,68,0,0,0,0
2016-12-23,63,0,0,0,0
2016-12-24,57,0,0,0,0
2016-12-25,58,0,0,0,0
2016-12-26,62,0,0,0,0
2016-12-27,66,0,0,0,0
2016-12-28,72,0,0,0,0
2016-12-29,75,0,0,0,0
2016-12-30,72,0,0,0,0
2016-12-31,67,0,0,0,0
2017-01-01,73,0,0,0,0
2017-01-02,79,0,0,0,0
2017-01-03,90,0,0,0,0
2017-01-04,93,0,0,0,0
2017-01-05,94,0,0,0,0
2017-01-06,86,0,0,0,0
2017-01-07,83,0,0,0,0
2017-01-08,100,0,0,0,0
2017-01-09,100,0,0,0,0
2017-01-10,95,0,0,0,0
2017-01-11,93,0,0,0,0
2017-01-12,97,0,0,0,0
2017-01-13,88,0,0,0,0
2017-01-14,81,0,0,0,0
2017-01-15,91,0,0,0,0
2017-01-16,83,0,0,0,0
2017-01-17,86,0,0,0,0
2017-01-18,89,0,0,0,0
2017-01-19,90,0,0,0,0
2017-01-20,83,0,0,0,0
2017-01-21,75,0,0,0,0
2017-01-22,86,0,0,0,0
2017-01-23,88,0,0,0,0
2017-01-24,83,0,0,0,0
2017-01-25,88,0,0,0,0
2017-01-26,88,0,0,0,0
2017-01-27,86,0,0,0,0
2017-01-28,78,0,0,0,0
2017-01-29,88,0,0,0,0
2017-01-30,89,0,0,0,0
2017-01-31,85,0,0,0,0
2017-02-01,83,0,0,0,0
2017-02-02,87,0,0,0,0
2017-02-03,84,0,0,0,0
2017-02-04,75,0,0,0,0
2017-02-05,89,0,0,0,0
2017-02-06,87,0,0,0,0
2017-02-07,79,0,0,0,0
2017-02-08,77,0,0,0,0
2017-02-09,78,0,0,0,0
2017-02-10,76,0,0,0,0
2017-02-11,70,0,0,0,0
2017-02-12,81,0,0,0,0
2017-02-13,77,0,0,0,0
2017-02-14,73,0,0,0,0
2017-02-15,76,0,0,0,0
2017-02-16,76,0,0,0,0
2017-02-17,76,0,0,0,0
2017-02-18,71,0,0,0,0
2017-02-19,79,0,0,0,0
2017-02-20,80,0,0,0,0
2017-02-21,81,0,0,0,0
2017-02-22,80,0,0,0,0
2017-02-23,77,0,0,0,0
2017-02-24,78,0,0,0,0
2017-02-25,70,0,0,0,0
2017-02-26,83,0,0,0,0
2017-02-27,80,0,0,0,0
2017-02-28,84,0,0,0,0
2017-03-01,86,0,0,0,0
2017-03-02,89,0,0,0,0
2017-03-03,86,0,0,0,0
2017-03-04,69,0,0,0,0
2017-03-05,82,0,0,0,0
2017-03-06,88,0,0,0,0
2017-03-07,85,0,0,0,0
2017-03-08,87,0,0,0,0
2017-03-09,91,0,0,0,0
2017-03-10,82,0,0,0,0
2017-03-11,71,0,0,0,0
2017-03-12,87,0,0,0,0
2017-03-13,87,0,0,0,0
2017-03-14,81,0,0,0,0
2017-03-15,84,0,0,0,0
2017-03-16,83,0,0,0,0
2017-03-17,87,0,0,0,0
2017-03-18,72,0,0,0,0
2017-03-19,83,0,0,0,0
2017-03-20,92,0,0,0,0
2017-03-21,85,0,0,0,0
2017-03-22,87,0,0,0,0
2017-03-23,85,0,0,0,0
2017-03-24,92,0,0,0,0
2017-03-25,99,0,0,0,0
2017-03-26,100,0,0,0,0
2017-03-27,90,0,0,0,0
2017-03-28,89,0,0,0,0
2017-03-29,84,0,0,0,0
2017-03-30,91,0,0,0,0
2017-03-31,84,0,0,0,0
2017-04-01,76,0,0,0,0
