SQLDATE,S_Log_All_Crisis_Yes,S_Log_Exchange
20080101,6.28758,0.3751149
20080102,6.231508,0.3753931
20080103,6.183813,0.3757755
20080104,6.14721,0.3762384
20080105,6.117403,0.376762
20080106,6.087497,0.3772601
20080107,6.064301,0.3777553
20080108,6.049344,0.3782062
20080109,6.04428,0.3786691
20080110,6.050802,0.3791691
20080111,6.060957,0.379694
20080112,6.068564,0.3802339
20080113,6.071437,0.3808411
20080114,6.08042,0.3814734
20080115,6.094507,0.3819845
20080116,6.113694,0.3824245
20080117,6.135587,0.382752
20080118,6.160808,0.382985
20080119,6.18426,0.3831393
20080120,6.206516,0.3832281
20080121,6.232242,0.3832583
20080122,6.257959,0.3832168
20080123,6.288731,0.3832287
20080124,6.321434,0.3832403
20080125,6.354072,0.3832516
20080126,6.378517,0.3832624
20080127,6.391603,0.3833515
20080128,6.401531,0.3834883
20080129,6.410675,0.3836725
20080130,6.422207,0.383933
20080131,6.433712,0.3842595
20080201,6.444541,0.3846363
20080202,6.446979,0.3850498
20080203,6.443035,0.3854764
20080204,6.441716,0.3857774
20080205,6.443696,0.3859801
20080206,6.449859,0.3859966
20080207,6.459984,0.385869
20080208,6.473396,0.3856261
20080209,6.479441,0.3852922
20080210,6.481588,0.3848886
20080211,6.487065,0.3844917
20080212,6.492438,0.3840883
20080213,6.499721,0.383729
20080214,6.50849,0.3834357
20080215,6.519177,0.3831986
20080216,6.530166,0.3830095
20080217,6.543731,0.3828612
20080218,6.560835,0.3827935
20080219,6.577834,0.3827383
20080220,6.592696,0.3827953
20080221,6.604954,0.3829508
20080222,6.612059,0.3831846
20080223,6.611733,0.3834794
20080224,6.610044,0.3838187
20080225,6.612813,0.3842357
20080226,6.615034,0.3848734
20080227,6.616871,0.3857099
20080228,6.621086,0.3867089
20080229,6.624355,0.3878295
01mar2008,6.621605,0.3890375
02mar2008,6.612899,0.3903093
03mar2008,6.608263,0.3916301
04mar2008,6.605805,0.3930246
05mar2008,6.607769,0.3945131
06mar2008,6.61344,0.3960479
07mar2008,6.623063,0.3976048
08mar2008,6.631732,0.3991641
09mar2008,6.628158,0.4007331
10mar2008,6.623083,0.4022683
11mar2008,6.618492,0.4038684
12mar2008,6.613542,0.4055625
13mar2008,6.604621,0.4073285
14mar2008,6.599626,0.409135
15mar2008,6.584956,0.4109564
16mar2008,6.561518,0.4128743
17mar2008,6.538963,0.4148631
18mar2008,6.522943,0.4167991
19mar2008,6.507141,0.4185282
20mar2008,6.493002,0.4200918
21mar2008,6.485455,0.4215057
22mar2008,6.468692,0.4227841
23mar2008,6.451519,0.4239058
24mar2008,6.433871,0.4250189
25mar2008,6.418694,0.4262199
26mar2008,6.406654,0.4275035
27mar2008,6.396327,0.4288164
28mar2008,6.388472,0.43014
29mar2008,6.378627,0.4314589
30mar2008,6.371497,0.4327901
31mar2008,6.366776,0.4339969
20080401,6.363726,0.4350929
20080402,6.354622,0.4361194
20080403,6.343741,0.4371227
20080404,6.324322,0.4380971
20080405,6.316275,0.4390385
20080406,6.286297,0.4399297
20080407,6.265326,0.4407662
20080408,6.253185,0.4416128
20080409,6.247451,0.4424213
20080410,6.248367,0.4432236
20080411,6.254726,0.4440129
20080412,6.261182,0.4447839
20080413,6.265785,0.4455519
20080414,6.273972,0.4462933
20080415,6.288922,0.4471172
20080416,6.307621,0.4479658
20080417,6.327704,0.448711
20080418,6.349621,0.4493649
20080419,6.365863,0.4499385
20080420,6.378692,0.450529
20080421,6.396662,0.4512084
20080422,6.414855,0.4518826
20080423,6.432201,0.4524003
20080424,6.446638,0.4527643
20080425,6.458065,0.4530001
20080426,6.465965,0.4531297
20080427,6.46893,0.453181
20080428,6.474487,0.4531401
20080429,6.46905,0.4530019
20080430,6.467606,0.4527154
01may2008,6.466832,0.4522941
02may2008,6.46664,0.4517678
03may2008,6.454393,0.4511618
04may2008,6.432133,0.4505361
05may2008,6.417534,0.4499373
06may2008,6.405503,0.4492513
07may2008,6.398989,0.4485267
08may2008,6.400164,0.4478029
09may2008,6.393317,0.4470869
10may2008,6.367533,0.4463843
11may2008,6.344042,0.4457571
12may2008,6.327057,0.4451799
13may2008,6.316936,0.4446218
14may2008,6.3177,0.4441009
15may2008,6.322975,0.443679
16may2008,6.330416,0.4433416
17may2008,6.336543,0.443076
18may2008,6.337167,0.4428229
19may2008,6.340258,0.4426794
20may2008,6.345965,0.4426929
21may2008,6.356326,0.4427896
22may2008,6.365954,0.4430041
23may2008,6.377882,0.443312
24may2008,6.385249,0.4436923
25may2008,6.389728,0.4441276
26may2008,6.395857,0.4445693
27may2008,6.40482,0.4449463
28may2008,6.414312,0.4452021
29may2008,6.424976,0.4453785
30may2008,6.435416,0.4454888
31may2008,6.438894,0.4455443
20080601,6.437913,0.4455487
20080602,6.440098,0.4454496
20080603,6.44722,0.445267
20080604,6.459147,0.4450876
20080605,6.473619,0.4450218
20080606,6.491713,0.4450489
20080607,6.505269,0.4451508
20080608,6.514205,0.445304
20080609,6.528208,0.4453402
20080610,6.544778,0.4453386
20080611,6.56505,0.4452134
20080612,6.58646,0.4449569
20080613,6.601872,0.4445966
20080614,6.614525,0.4441558
20080615,6.623306,0.4437217
20080616,6.63222,0.4433276
20080617,6.640985,0.442959
20080618,6.651327,0.4426146
20080619,6.656768,0.4423731
20080620,6.650215,0.4422172
20080621,6.640328,0.4421323
20080622,6.624294,0.4420196
20080623,6.61098,0.4419491
20080624,6.601919,0.4419002
20080625,6.59688,0.4419765
20080626,6.594986,0.4421605
20080627,6.592179,0.4424298
20080628,6.586918,0.4427656
20080629,6.575621,0.4431512
20080630,6.568364,0.4435923
20080701,6.56954,0.4441315
20080702,6.574102,0.4446428
20080703,6.580333,0.4451264
20080704,6.582076,0.4455827
20080705,6.57858,0.4460123
20080706,6.571033,0.4463765
20080707,6.567722,0.4466885
20080708,6.568774,0.4470131
20080709,6.57266,0.4473617
20080710,6.577766,0.4478066
20080711,6.58454,0.4483249
20080712,6.583996,0.4488976
20080713,6.578213,0.4495187
20080714,6.569252,0.4501784
20080715,6.560663,0.4508148
20080716,6.555704,0.451435
20080717,6.55557,0.452032
20080718,6.558084,0.4526043
20080719,6.555178,0.4531508
20080720,6.552405,0.4536848
20080721,6.552943,0.4541617
20080722,6.556653,0.4545222
20080723,6.561258,0.4547523
20080724,6.568169,0.4548937
20080725,6.581264,0.4549617
20080726,6.592456,0.4549697
20080727,6.59965,0.4549671
20080728,6.60236,0.4548545
20080729,6.599421,0.4546353
20080730,6.587745,0.4543512
20080731,6.578231,0.4540032
20080801,6.570889,0.453607
20080802,6.562278,0.4531757
20080803,6.547487,0.4527215
20080804,6.536483,0.4521883
20080805,6.527687,0.4515582
20080806,6.513515,0.4508117
20080807,6.488201,0.4497848
20080808,6.468093,0.4485411
20080809,6.437877,0.4471343
20080810,6.390767,0.44555
20080811,6.337063,0.4438024
20080812,6.296525,0.4419331
20080813,6.253857,0.4399579
20080814,6.213558,0.4378076
20080815,6.167759,0.4355371
20080816,6.111469,0.4331917
20080817,6.055194,0.4308331
20080818,6.012995,0.4284982
20080819,5.974368,0.4261752
20080820,5.955561,0.4240028
20080821,5.951187,0.4219236
20080822,5.95645,0.4199406
20080823,5.963746,0.4180554
20080824,5.972043,0.4162702
20080825,5.984235,0.4144869
20080826,5.999518,0.4127393
20080827,6.016312,0.4110388
20080828,6.035682,0.4093825
20080829,6.055296,0.4077786
20080830,6.074122,0.4062331
20080831,6.091656,0.4047505
20080901,6.110954,0.4032328
20080902,6.131241,0.4016793
20080903,6.143162,0.4000227
20080904,6.144219,0.3982385
20080905,6.13696,0.3963688
20080906,6.118837,0.3944484
20080907,6.109434,0.3924028
20080908,6.098055,0.3903093
20080909,6.09524,0.3880895
20080910,6.099669,0.3857317
20080911,6.111115,0.3834513
20080912,6.122837,0.3812565
20080913,6.130291,0.379153
20080914,6.134941,0.3771466
20080915,6.141006,0.3752248
20080916,6.149293,0.373433
20080917,6.158365,0.3718812
20080918,6.17058,0.3705407
20080919,6.181211,0.3693849
20080920,6.186445,0.3683901
20080921,6.183542,0.3677511
20080922,6.183292,0.3674336
20080923,6.183159,0.3673242
20080924,6.185256,0.3673761
20080925,6.187026,0.3675259
20080926,6.185082,0.3677537
20080927,6.175175,0.3680423
20080928,6.160493,0.3682288
20080929,6.152662,0.36812
20080930,6.151538,0.3677568
01oct2008,6.156266,0.3670449
02oct2008,6.163666,0.3660302
03oct2008,6.174918,0.3647805
04oct2008,6.182899,0.3633528
05oct2008,6.190723,0.3615698
06oct2008,6.202953,0.3596207
07oct2008,6.213965,0.3575792
08oct2008,6.227592,0.3554584
09oct2008,6.242062,0.3531656
10oct2008,6.260083,0.3507562
11oct2008,6.274365,0.3482766
12oct2008,6.284969,0.3457649
13oct2008,6.301873,0.3433902
14oct2008,6.319467,0.3410833
15oct2008,6.336133,0.3387426
16oct2008,6.353677,0.336432
17oct2008,6.36687,0.3341689
18oct2008,6.372029,0.3319671
19oct2008,6.367978,0.3297262
20oct2008,6.361655,0.3273156
21oct2008,6.354401,0.3245857
22oct2008,6.348368,0.3216581
23oct2008,6.345886,0.3184121
24oct2008,6.345279,0.3149408
25oct2008,6.339264,0.3113216
26oct2008,6.331161,0.307465
27oct2008,6.326359,0.3034787
28oct2008,6.325875,0.2997234
29oct2008,6.330392,0.296192
30oct2008,6.33867,0.2927456
31oct2008,6.347641,0.2894025
20081101,6.347416,0.2861766
20081102,6.343921,0.283107
20081103,6.34242,0.2804293
20081104,6.346207,0.2781096
20081105,6.351121,0.2758838
20081106,6.359802,0.2737727
20081107,6.369879,0.2717755
20081108,6.374182,0.2698907
20081109,6.379897,0.2681024
20081110,6.389552,0.2664101
20081111,6.402454,0.2646531
20081112,6.415713,0.2628355
20081113,6.428682,0.2611495
20081114,6.441403,0.2595868
20081115,6.447742,0.2581398
20081116,6.44829,0.2567969
20081117,6.45612,0.2555235
20081118,6.468658,0.2542439
20081119,6.483285,0.2529165
20081120,6.492038,0.2515682
20081121,6.484447,0.2502167
20081122,6.45083,0.248876
20081123,6.426845,0.24784
20081124,6.410519,0.2471691
20081125,6.400197,0.2466444
20081126,6.397246,0.2462434
20081127,6.400119,0.2458416
20081128,6.406177,0.2454432
20081129,6.40706,0.2450515
20081130,6.401605,0.2446218
01dec2008,6.397402,0.2442365
02dec2008,6.39355,0.2438478
03dec2008,6.394597,0.2435943
04dec2008,6.399632,0.2433069
05dec2008,6.405154,0.2429949
06dec2008,6.404977,0.2426661
07dec2008,6.406659,0.2425521
08dec2008,6.417651,0.2426093
09dec2008,6.436099,0.2428716
10dec2008,6.457998,0.2435026
11dec2008,6.483168,0.2444673
12dec2008,6.510089,0.2456925
13dec2008,6.53219,0.2471166
14dec2008,6.548278,0.2489208
15dec2008,6.562068,0.251121
16dec2008,6.575198,0.2540092
17dec2008,6.585124,0.2573839
18dec2008,6.597488,0.2608186
19dec2008,6.606866,0.2642676
20dec2008,6.610639,0.2676936
21dec2008,6.60903,0.2711221
22dec2008,6.605302,0.2745284
23dec2008,6.601596,0.2778812
24dec2008,6.590323,0.2811571
25dec2008,6.567812,0.2844079
26dec2008,6.538913,0.2876059
27dec2008,6.506848,0.2907292
28dec2008,6.479975,0.2938808
29dec2008,6.464449,0.29692
30dec2008,6.457332,0.2997193
31dec2008,6.455579,0.3022963
20090101,6.453836,0.3046867
20090102,6.455502,0.3069021
20090103,6.457111,0.3089537
20090104,6.463208,0.3105831
20090105,6.476498,0.3117573
20090106,6.492664,0.3127521
20090107,6.507998,0.3135887
20090108,6.521816,0.3141278
20090109,6.541359,0.3144205
20090110,6.558966,0.3145107
20090111,6.57617,0.3143258
20090112,6.597363,0.3138075
20090113,6.623778,0.3130063
20090114,6.648223,0.3119228
20090115,6.676629,0.3107356
20090116,6.706306,0.3094763
20090117,6.733128,0.308171
20090118,6.763581,0.3068416
20090119,6.794552,0.3052784
20090120,6.826457,0.3034826
20090121,6.856122,0.3015821
20090122,6.884396,0.2995337
20090123,6.910124,0.297386
20090124,6.929479,0.2951792
20090125,6.943974,0.2931578
20090126,6.959353,0.2913341
20090127,6.97592,0.2897531
20090128,6.992857,0.2881894
20090129,7.008577,0.2865127
20090130,7.0241,0.2847611
20090131,7.036197,0.2829664
20090201,7.046272,0.2811579
20090202,7.057135,0.2795128
20090203,7.069455,0.2778981
20090204,7.082263,0.2763095
20090205,7.09306,0.2747859
20090206,7.103374,0.2733302
20090207,7.110515,0.271944
20090208,7.114291,0.2707745
20090209,7.121184,0.2697169
20090210,7.130599,0.268704
20090211,7.139211,0.2676824
20090212,7.147393,0.2667081
20090213,7.154116,0.2657821
20090214,7.157247,0.2649042
20090215,7.156594,0.2640743
20090216,7.157048,0.2630494
20090217,7.157654,0.2618577
20090218,7.160239,0.2606443
20090219,7.16247,0.2594372
20090220,7.165452,0.2582475
20090221,7.164193,0.2570836
20090222,7.154241,0.2559971
20090223,7.14857,0.2549803
20090224,7.133825,0.2540214
20090225,7.123364,0.2531449
20090226,7.115586,0.2522638
20090227,7.111276,0.2513875
20090228,7.100075,0.2505241
01mar2009,7.088969,0.2496148
02mar2009,7.082394,0.2486526
03mar2009,7.066332,0.2477034
04mar2009,7.054039,0.2467408
05mar2009,7.043851,0.2458634
06mar2009,7.029162,0.2450637
07mar2009,7.005232,0.244335
08mar2009,6.974405,0.243641
09mar2009,6.951299,0.2430736
10mar2009,6.934347,0.2426314
11mar2009,6.915554,0.2423148
12mar2009,6.903409,0.2421746
13mar2009,6.897121,0.2421788
14mar2009,6.890223,0.2422998
15mar2009,6.882555,0.2425962
16mar2009,6.877843,0.2430124
17mar2009,6.877216,0.2436273
18mar2009,6.877549,0.244859
19mar2009,6.879733,0.246458
20mar2009,6.883828,0.2483384
21mar2009,6.884127,0.2504279
22mar2009,6.88066,0.2526682
23mar2009,6.880258,0.254975
24mar2009,6.880445,0.2573236
25mar2009,6.879925,0.2596981
26mar2009,6.880553,0.2618808
27mar2009,6.883644,0.2638862
28mar2009,6.886877,0.2657281
29mar2009,6.887708,0.2672981
30mar2009,6.891493,0.2687192
31mar2009,6.897833,0.2699768
20090401,6.904308,0.2712656
20090402,6.910458,0.2725586
20090403,6.916237,0.273842
20090404,6.921723,0.2751049
20090405,6.924839,0.2762758
20090406,6.932925,0.2772998
20090407,6.942356,0.2781989
20090408,6.951472,0.2788829
20090409,6.959747,0.2793811
20090410,6.967422,0.2797238
20090411,6.970545,0.2799373
20090412,6.969477,0.2802031
20090413,6.968308,0.2804509
20090414,6.961327,0.2806097
20090415,6.959369,0.2807063
20090416,6.961228,0.2806242
20090417,6.962885,0.2803982
20090418,6.963215,0.2800578
20090419,6.967845,0.2795303
20090420,6.97611,0.2789143
20090421,6.985299,0.2782592
20090422,6.997383,0.2776064
20090423,6.999364,0.2771361
20090424,7.002513,0.2768182
20090425,7.003477,0.2766271
20090426,7.004225,0.2764336
20090427,7.011147,0.2761831
20090428,7.021305,0.2760882
20090429,7.033271,0.27606
20090430,7.044893,0.2761035
01may2009,7.053384,0.2762047
02may2009,7.058564,0.2763515
03may2009,7.060493,0.2766075
04may2009,7.064662,0.2769567
05may2009,7.070924,0.2773317
06may2009,7.077585,0.2777969
07may2009,7.085189,0.2783924
08may2009,7.091845,0.2790874
09may2009,7.094353,0.2798561
10may2009,7.092098,0.2807698
11may2009,7.090563,0.2818048
12may2009,7.089699,0.2829089
13may2009,7.091562,0.2840548
14may2009,7.095381,0.2851723
15may2009,7.10087,0.2862557
16may2009,7.102713,0.2873006
17may2009,7.101368,0.2882772
18may2009,7.100935,0.2892662
19may2009,7.103458,0.29037
20may2009,7.10686,0.2915842
21may2009,7.112096,0.2930202
22may2009,7.117822,0.2946213
23may2009,7.12033,0.2963404
24may2009,7.118899,0.2981377
25may2009,7.118207,0.2999712
26may2009,7.119285,0.3017668
27may2009,7.119184,0.3035312
28may2009,7.11901,0.3053793
29may2009,7.119115,0.3072768
30may2009,7.116885,0.3091953
31may2009,7.110084,0.3111583
20090601,7.10242,0.3131925
20090602,7.096131,0.3152106
20090603,7.089042,0.3171906
20090604,7.082313,0.31898
20090605,7.078763,0.3205973
20090606,7.071125,0.3220588
20090607,7.06028,0.3233036
20090608,7.052785,0.3244536
20090609,7.04847,0.3254931
20090610,7.048423,0.3265111
20090611,7.050659,0.3274638
20090612,7.055261,0.3283542
20090613,7.059126,0.329185
20090614,7.059899,0.3297754
20090615,7.060101,0.3302331
20090616,7.06463,0.3305584
20090617,7.072434,0.3308654
20090618,7.082479,0.3311687
20090619,7.093754,0.331466
20090620,7.103456,0.3317554
20090621,7.111081,0.3319263
20090622,7.121845,0.3321353
20090623,7.136078,0.3323586
20090624,7.150794,0.332547
20090625,7.167587,0.3327788
20090626,7.179822,0.3330433
20090627,7.181702,0.3333319
20090628,7.17636,0.3336383
20090629,7.167227,0.3339292
20090630,7.157874,0.3343222
20090701,7.147513,0.3346748
20090702,7.135835,0.334972
20090703,7.118716,0.3352214
20090704,7.093064,0.3354294
20090705,7.063951,0.3355639
20090706,7.036885,0.3356569
20090707,7.01454,0.3356342
20090708,6.998781,0.3356427
20090709,6.98652,0.3356048
20090710,6.976818,0.3355299
20090711,6.962254,0.3354256
20090712,6.945018,0.3353323
20090713,6.929349,0.3352473
20090714,6.915377,0.3352733
20090715,6.900287,0.3353882
20090716,6.88179,0.3355774
20090717,6.861858,0.3358249
20090718,6.836627,0.3361173
20090719,6.804591,0.3365072
20090720,6.776221,0.3369617
20090721,6.751504,0.3374809
20090722,6.729131,0.3380796
20090723,6.707753,0.3386995
20090724,6.69549,0.3393303
20090725,6.683539,0.3399636
20090726,6.674129,0.3405921
20090727,6.671657,0.3412123
20090728,6.675135,0.3416908
20090729,6.686105,0.3420732
20090730,6.703019,0.3425243
20090731,6.724207,0.3430265
20090801,6.741354,0.3435651
20090802,6.754959,0.3442232
20090803,6.767406,0.3449605
20090804,6.779188,0.3457482
20090805,6.791483,0.3465454
20090806,6.806013,0.3472181
20090807,6.822807,0.3477833
20090808,6.835421,0.3482557
20090809,6.848689,0.3486222
20090810,6.865513,0.3488977
20090811,6.88309,0.349149
20090812,6.898044,0.349426
20090813,6.911032,0.3496739
20090814,6.923175,0.3498958
20090815,6.930637,0.3500944
20090816,6.932037,0.3501817
20090817,6.930444,0.3501687
20090818,6.92751,0.3502067
20090819,6.926909,0.3502666
20090820,6.927645,0.3503926
20090821,6.929681,0.3505711
20090822,6.927991,0.3507901
20090823,6.926166,0.3510504
20090824,6.92695,0.3513623
20090825,6.929655,0.351629
20090826,6.932058,0.351886
20090827,6.928228,0.3521924
20090828,6.928616,0.3525359
20090829,6.925791,0.3529061
20090830,6.921141,0.3532912
20090831,6.918638,0.3536015
20090901,6.920496,0.3538557
20090902,6.925645,0.3540844
20090903,6.935147,0.3542902
20090904,6.946651,0.3544753
20090905,6.955223,0.3546418
20090906,6.960032,0.3547916
20090907,6.965042,0.3550786
20090908,6.971712,0.3555261
20090909,6.984589,0.3560958
20090910,6.999755,0.3567711
20090911,7.017539,0.3575251
20090912,7.029714,0.3583353
20090913,7.036824,0.3592016
20090914,7.045943,0.3601072
20090915,7.054814,0.361091
20090916,7.066627,0.3621533
20090917,7.081067,0.3632476
20090918,7.097306,0.3643568
20090919,7.109398,0.3654671
20090920,7.115977,0.3665589
20090921,7.122857,0.3676948
20090922,7.130909,0.3688258
20090923,7.140773,0.3699036
20090924,7.152294,0.3709179
20090925,7.164463,0.3718707
20090926,7.170821,0.3727641
20090927,7.173005,0.3735787
20090928,7.175479,0.3742549
20090929,7.179162,0.3748649
20090930,7.182817,0.375348
01oct2009,7.184469,0.3757634
02oct2009,7.186994,0.3761198
03oct2009,7.186979,0.3764247
04oct2009,7.186533,0.376724
05oct2009,7.187372,0.3770817
06oct2009,7.188755,0.3774362
07oct2009,7.192036,0.3778538
08oct2009,7.196811,0.3782764
09oct2009,7.203234,0.3786988
10oct2009,7.205361,0.3791167
11oct2009,7.20292,0.3795269
12oct2009,7.200948,0.3800106
13oct2009,7.202916,0.3805894
14oct2009,7.206548,0.3812703
15oct2009,7.213077,0.3819894
16oct2009,7.207238,0.3827324
17oct2009,7.198074,0.3834873
18oct2009,7.18548,0.3842832
19oct2009,7.178851,0.385076
20oct2009,7.176469,0.3859282
21oct2009,7.175437,0.3868158
22oct2009,7.176293,0.3877406
23oct2009,7.17725,0.3886862
24oct2009,7.172481,0.3896393
25oct2009,7.16312,0.3905301
26oct2009,7.155319,0.391281
27oct2009,7.151054,0.3918718
28oct2009,7.148917,0.3923648
29oct2009,7.148688,0.3927305
30oct2009,7.150006,0.3929894
31oct2009,7.14846,0.3931592
20091101,7.142913,0.3933044
20091102,7.137766,0.3933131
20091103,7.138333,0.3933316
20091104,7.145191,0.3933722
20091105,7.156382,0.3934154
20091106,7.167853,0.3934602
20091107,7.173116,0.3935061
20091108,7.174317,0.393662
20091109,7.175279,0.3938797
20091110,7.177215,0.3941452
20091111,7.181199,0.3943831
20091112,7.1728,0.3946103
20091113,7.148205,0.3948265
20091114,7.108786,0.3950318
20091115,7.059659,0.3952871
20091116,7.006604,0.3954816
20091117,6.96944,0.3957324
20091118,6.945841,0.3959693
20091119,6.920671,0.3961691
20091120,6.894878,0.3963369
20091121,6.875442,0.396477
20091122,6.86023,0.396659
20091123,6.853164,0.3968524
20091124,6.852983,0.3971517
20091125,6.859144,0.3975338
20091126,6.868459,0.3978979
20091127,6.879876,0.3982438
20091128,6.889432,0.3985715
20091129,6.897377,0.3989018
20091130,6.910781,0.3993015
01dec2009,6.931593,0.3997261
02dec2009,6.955927,0.4001813
03dec2009,6.981674,0.4005259
04dec2009,7.009656,0.4007775
05dec2009,7.036323,0.4009511
06dec2009,7.059951,0.4010162
07dec2009,7.083474,0.4009392
08dec2009,7.105644,0.4007371
09dec2009,7.126266,0.4004295
10dec2009,7.14649,0.3999611
11dec2009,7.166311,0.3993672
12dec2009,7.17876,0.3986774
13dec2009,7.186669,0.3979471
14dec2009,7.193723,0.3971014
15dec2009,7.200395,0.3962139
16dec2009,7.205784,0.3951215
17dec2009,7.214773,0.393849
18dec2009,7.225564,0.3924432
19dec2009,7.228223,0.3909434
20dec2009,7.223957,0.3894093
21dec2009,7.217349,0.3878093
22dec2009,7.21093,0.3862406
23dec2009,7.202016,0.3847311
24dec2009,7.188344,0.3832845
25dec2009,7.171164,0.3819034
26dec2009,7.149236,0.3805892
27dec2009,7.122634,0.3793597
28dec2009,7.099937,0.378186
29dec2009,7.081328,0.3770413
30dec2009,7.064388,0.3759429
31dec2009,7.045433,0.3748928
20100101,7.021969,0.3738924
20100102,6.994292,0.3729423
20100103,6.966499,0.3721028
20100104,6.944866,0.3713497
20100105,6.929235,0.3706754
20100106,6.918057,0.3700089
20100107,6.910673,0.3693855
20100108,6.909275,0.3688033
20100109,6.905578,0.3682601
20100110,6.898924,0.367878
20100111,6.898582,0.3676212
20100112,6.904788,0.3674471
20100113,6.917729,0.3673321
20100114,6.93353,0.3671953
20100115,6.951763,0.3670423
20100116,6.965961,0.3668777
20100117,6.977406,0.3667054
20100118,6.992708,0.3664538
20100119,7.012166,0.3660171
20100120,7.033007,0.3654433
20100121,7.0541,0.3647983
20100122,7.075191,0.3641019
20100123,7.090193,0.363371
20100124,7.099298,0.3626137
20100125,7.110574,0.3617838
20100126,7.12282,0.3608962
20100127,7.136681,0.359928
20100128,7.151272,0.358816
20100129,7.165861,0.3575985
20100130,7.174813,0.3563077
20100131,7.179911,0.3549951
20100201,7.189289,0.3537144
20100202,7.20263,0.352438
20100203,7.217435,0.3510708
20100204,7.232449,0.3495333
20100205,7.247247,0.3478734
20100206,7.256846,0.3461309
20100207,7.260533,0.3444055
20100208,7.263926,0.3427811
20100209,7.270545,0.3412017
20100210,7.280716,0.3396146
20100211,7.294064,0.338026
20100212,7.307817,0.3364523
20100213,7.313142,0.3349063
20100214,7.313686,0.3333981
20100215,7.316829,0.3320213
20100216,7.32303,0.3306775
20100217,7.331401,0.3293299
20100218,7.339139,0.3279743
20100219,7.34437,0.3266256
20100220,7.343266,0.325296
20100221,7.341396,0.3240336
20100222,7.342461,0.3227991
20100223,7.346687,0.3216284
20100224,7.352742,0.3204471
20100225,7.351321,0.3194046
20100226,7.339001,0.3184851
20100227,7.324404,0.3176742
20100228,7.308584,0.3168536
01mar2010,7.279654,0.3160687
02mar2010,7.250793,0.3154429
03mar2010,7.217428,0.3148351
04mar2010,7.182147,0.3142752
05mar2010,7.148841,0.3137596
06mar2010,7.106864,0.3132851
07mar2010,7.064371,0.3128524
08mar2010,7.017299,0.3124378
09mar2010,6.973859,0.3120951
10mar2010,6.934066,0.3118256
11mar2010,6.895109,0.3116758
12mar2010,6.848401,0.3116245
13mar2010,6.79689,0.3116533
14mar2010,6.729824,0.3116732
15mar2010,6.670328,0.3117629
16mar2010,6.621936,0.3118944
17mar2010,6.579058,0.3119591
18mar2010,6.542768,0.3119152
19mar2010,6.511747,0.3117836
20mar2010,6.473597,0.3115825
21mar2010,6.436482,0.3113278
22mar2010,6.398923,0.3110351
23mar2010,6.366777,0.3105747
24mar2010,6.338383,0.3099809
25mar2010,6.314046,0.3093253
26mar2010,6.300739,0.3086262
27mar2010,6.282636,0.3078989
28mar2010,6.256145,0.3072059
29mar2010,6.229651,0.3065059
30mar2010,6.209474,0.3058941
31mar2010,6.187166,0.3053916
20100401,6.170141,0.3049221
20100402,6.153027,0.304484
20100403,6.140587,0.3040757
20100404,6.114954,0.303695
20100405,6.087806,0.3032598
20100406,6.063316,0.3027746
20100407,6.045111,0.3022506
20100408,6.036048,0.3017809
20100409,6.02811,0.30136
20100410,6.019835,0.3009828
20100411,6.010299,0.3007327
20100412,6.003407,0.3005918
20100413,6.001106,0.300595
20100414,6.000737,0.3006222
20100415,6.008355,0.3006295
20100416,6.014077,0.3006205
20100417,6.017625,0.3005984
20100418,6.022205,0.3005444
20100419,6.036107,0.3004562
20100420,6.064242,0.3002942
20100421,6.102853,0.3000104
20100422,6.146311,0.2996771
20100423,6.198013,0.2993072
20100424,6.251216,0.2989113
20100425,6.297892,0.2984804
20100426,6.348274,0.2979455
20100427,6.389686,0.2972559
20100428,6.423236,0.2965337
20100429,6.46411,0.2958366
20100430,6.509919,0.2951669
01may2010,6.554367,0.2945261
02may2010,6.600668,0.2938252
03may2010,6.649299,0.2929713
04may2010,6.692008,0.2918885
05may2010,6.735834,0.2904741
06may2010,6.760465,0.2888304
07may2010,6.774445,0.2870174
08may2010,6.776575,0.2850854
09may2010,6.767232,0.2831858
10may2010,6.762024,0.2812172
11may2010,6.759655,0.2791548
12may2010,6.755031,0.2769785
13may2010,6.74824,0.2745889
14may2010,6.742662,0.2720504
15may2010,6.735939,0.2694169
16may2010,6.718545,0.2666588
17may2010,6.705351,0.2638755
18may2010,6.69474,0.2610661
19may2010,6.691852,0.2583067
20may2010,6.686189,0.2557798
21may2010,6.683039,0.2534665
22may2010,6.679573,0.2513493
23may2010,6.67605,0.2492768
24may2010,6.663306,0.2471584
25may2010,6.651393,0.2449791
26may2010,6.644023,0.2428909
27may2010,6.631848,0.2408967
28may2010,6.620933,0.2389985
29may2010,6.613428,0.237197
30may2010,6.607781,0.2354919
31may2010,6.597651,0.2337984
20100601,6.591234,0.232082
20100602,6.580992,0.2303537
20100603,6.565967,0.2284718
20100604,6.555706,0.2264843
20100605,6.540474,0.2244311
20100606,6.530172,0.2223127
20100607,6.518712,0.2201928
20100608,6.515827,0.2181343
20100609,6.508638,0.2162009
20100610,6.502606,0.21436
20100611,6.495461,0.2126124
20100612,6.482978,0.210958
20100613,6.458914,0.2095597
20100614,6.43737,0.2084236
20100615,6.423414,0.2075079
20100616,6.412156,0.206814
20100617,6.402424,0.2063026
20100618,6.387819,0.2059441
20100619,6.379043,0.2057131
20100620,6.371298,0.2056079
20100621,6.363517,0.2055391
20100622,6.357763,0.2055063
20100623,6.35428,0.2054851
20100624,6.349505,0.2055092
20100625,6.348672,0.2055697
20100626,6.333263,0.2056591
20100627,6.303698,0.2057581
20100628,6.268754,0.2057586
20100629,6.254714,0.2057642
20100630,6.247961,0.2059137
20100701,6.253375,0.2062685
20100702,6.262121,0.206786
20100703,6.262458,0.2074302
20100704,6.264306,0.2081706
20100705,6.280021,0.2090361
20100706,6.295602,0.2099532
20100707,6.318779,0.2109733
20100708,6.342141,0.2120318
20100709,6.369259,0.213111
20100710,6.400038,0.214196
20100711,6.419886,0.2152225
20100712,6.439436,0.2163069
20100713,6.453905,0.2174556
20100714,6.468952,0.2187525
20100715,6.47624,0.2201766
20100716,6.475063,0.2216894
20100717,6.462639,0.2232591
20100718,6.445694,0.2248931
20100719,6.438756,0.226518
20100720,6.434317,0.2280517
20100721,6.437687,0.2295621
20100722,6.439176,0.2310162
20100723,6.437623,0.2324102
20100724,6.428301,0.2337414
20100725,6.414367,0.2350928
20100726,6.398674,0.2364471
20100727,6.381689,0.2378017
20100728,6.372216,0.2391937
20100729,6.377038,0.2406058
20100730,6.39133,0.2420202
20100731,6.407548,0.2434222
20100801,6.422219,0.2448802
20100802,6.439302,0.2464182
20100803,6.461751,0.2479442
20100804,6.490094,0.2494446
20100805,6.521302,0.2510036
20100806,6.556002,0.2525947
20100807,6.587434,0.2541957
20100808,6.615372,0.255758
20100809,6.64337,0.2571623
20100810,6.672633,0.2582738
20100811,6.700478,0.2591114
20100812,6.72939,0.2596415
20100813,6.755876,0.2599173
20100814,6.758599,0.2599843
20100815,6.76122,0.2599369
20100816,6.772309,0.2598379
20100817,6.788086,0.259684
20100818,6.807595,0.2594599
20100819,6.830733,0.2590638
20100820,6.852135,0.2585322
20100821,6.874068,0.2578962
20100822,6.894954,0.2571631
20100823,6.92162,0.2563681
20100824,6.950916,0.2555128
20100825,6.982914,0.2546684
20100826,7.016318,0.253879
20100827,7.046858,0.253142
20100828,7.070529,0.2524548
20100829,7.088055,0.2517528
20100830,7.1043,0.2510599
20100831,7.119798,0.2504669
20100901,7.134793,0.2499692
20100902,7.149766,0.2496011
20100903,7.164262,0.2493418
20100904,7.17417,0.2491731
20100905,7.181154,0.2490795
20100906,7.191902,0.2489212
20100907,7.203765,0.2487151
20100908,7.217431,0.2484575
20100909,7.231452,0.2481788
20100910,7.245355,0.2478859
20100911,7.254445,0.2475843
20100912,7.258646,0.2474028
20100913,7.263547,0.2474162
20100914,7.268913,0.2475826
20100915,7.277663,0.2479259
20100916,7.289415,0.2483836
20100917,7.301714,0.2489295
20100918,7.309029,0.2495413
20100919,7.313293,0.2502219
20100920,7.317226,0.2509987
20100921,7.323589,0.2520334
20100922,7.330589,0.2532359
20100923,7.337506,0.2546609
20100924,7.34455,0.2562518
20100925,7.346202,0.2579612
20100926,7.344945,0.2597486
20100927,7.346508,0.2616613
20100928,7.350357,0.2636968
20100929,7.357911,0.2657841
20100930,7.366842,0.2680044
01oct2010,7.376045,0.2703103
02oct2010,7.381795,0.2726623
03oct2010,7.386224,0.2749803
04oct2010,7.390461,0.2773534
05oct2010,7.394599,0.2798124
06oct2010,7.399822,0.2823142
07oct2010,7.405871,0.2848271
08oct2010,7.413643,0.2873239
09oct2010,7.416347,0.2897826
10oct2010,7.41351,0.2921858
11oct2010,7.412615,0.2944648
12oct2010,7.411734,0.296705
13oct2010,7.408331,0.2989643
14oct2010,7.407585,0.301168
15oct2010,7.407955,0.3033046
16oct2010,7.404509,0.3053655
17oct2010,7.400397,0.3073302
18oct2010,7.393529,0.3090886
19oct2010,7.37863,0.3107503
20oct2010,7.344705,0.3123342
21oct2010,7.295928,0.3137897
22oct2010,7.258436,0.3151267
23oct2010,7.22602,0.3163543
24oct2010,7.19766,0.3175399
25oct2010,7.177136,0.3185983
26oct2010,7.158476,0.3194818
27oct2010,7.144494,0.3203166
28oct2010,7.134496,0.3210782
29oct2010,7.12964,0.3217731
30oct2010,7.114765,0.322407
31oct2010,7.101708,0.3229807
20101101,7.09536,0.323599
20101102,7.098499,0.3242384
20101103,7.109941,0.3250375
20101104,7.126128,0.3258226
20101105,7.144532,0.3265886
20101106,7.162518,0.3273314
20101107,7.181324,0.3279722
20101108,7.202455,0.3284794
20101109,7.223783,0.3287739
20101110,7.244061,0.3288933
20101111,7.263149,0.3288491
20101112,7.278486,0.328673
20101113,7.285119,0.3283917
20101114,7.287984,0.3279658
20101115,7.292353,0.3273548
20101116,7.297108,0.3266281
20101117,7.305099,0.3258612
20101118,7.313831,0.3250959
20101119,7.304969,0.3243395
20101120,7.29903,0.3235979
20101121,7.292939,0.3228449
20101122,7.29235,0.3219242
20101123,7.293011,0.3208486
20101124,7.296086,0.3196581
20101125,7.301392,0.3183061
20101126,7.309987,0.3168368
20101127,7.313668,0.3152871
20101128,7.315919,0.3135731
20101129,7.321307,0.3117004
20101130,7.327666,0.3098041
01dec2010,7.336837,0.3079675
02dec2010,7.348633,0.3063022
03dec2010,7.363441,0.3047924
04dec2010,7.378841,0.3034236
05dec2010,7.391031,0.3021135
06dec2010,7.404239,0.3009003
07dec2010,7.416147,0.2997167
08dec2010,7.42694,0.2985417
09dec2010,7.434964,0.2974126
10dec2010,7.441614,0.296332
11dec2010,7.445315,0.2953015
12dec2010,7.443726,0.2944322
13dec2010,7.442485,0.2937067
14dec2010,7.441909,0.2930384
15dec2010,7.444633,0.2923475
16dec2010,7.447021,0.2916065
17dec2010,7.448673,0.2908324
18dec2010,7.443414,0.2900393
19dec2010,7.433189,0.289215
20dec2010,7.423925,0.2883791
21dec2010,7.41663,0.2875101
22dec2010,7.408817,0.2866322
23dec2010,7.403543,0.2857557
24dec2010,7.398938,0.2848893
25dec2010,7.384372,0.2840396
26dec2010,7.363391,0.2832463
27dec2010,7.343419,0.2824883
28dec2010,7.325181,0.2818129
29dec2010,7.307366,0.2812761
30dec2010,7.291671,0.2808571
31dec2010,7.277865,0.2805375
20110101,7.260024,0.2803017
20110102,7.240377,0.2802127
20110103,7.223216,0.2801948
20110104,7.209532,0.2801327
20110105,7.202098,0.2799255
20110106,7.196973,0.2795388
20110107,7.1952,0.2790107
20110108,7.192671,0.2783733
20110109,7.18725,0.2776545
20110110,7.188336,0.2769025
20110111,7.194687,0.2761986
20110112,7.204833,0.2757662
20110113,7.215813,0.2755312
20110114,7.22956,0.2754583
20110115,7.235992,0.2755175
20110116,7.240921,0.2756831
20110117,7.247647,0.2759863
20110118,7.257318,0.2764694
20110119,7.260275,0.2770548
20110120,7.235393,0.2778193
20110121,7.196212,0.2787212
20110122,7.166095,0.2797253
20110123,7.138615,0.2808552
20110124,7.119365,0.282069
20110125,7.107755,0.2833709
20110126,7.102961,0.284731
20110127,7.102904,0.2860654
20110128,7.105908,0.2873656
20110129,7.106723,0.288625
20110130,7.102857,0.289918
20110131,7.101225,0.2912819
20110201,7.103281,0.2926795
20110202,7.107974,0.2939992
20110203,7.118734,0.2951912
20110204,7.132513,0.2962679
20110205,7.142094,0.2972404
20110206,7.149719,0.298099
20110207,7.160245,0.298952
20110208,7.171746,0.2997928
20110209,7.185687,0.3005779
20110210,7.19838,0.3012239
20110211,7.212148,0.3017508
20110212,7.221025,0.3021759
20110213,7.229336,0.3024803
20110214,7.240204,0.3026986
20110215,7.254721,0.3028843
20110216,7.269856,0.3030895
20110217,7.281987,0.3033532
20110218,7.271464,0.3036616
20110219,7.2629,0.3040032
20110220,7.254515,0.3043683
20110221,7.25137,0.3047399
20110222,7.252787,0.3051838
20110223,7.260972,0.3057081
20110224,7.274549,0.3062653
20110225,7.29055,0.3068436
20110226,7.304333,0.3074332
20110227,7.314554,0.3080522
20110228,7.325781,0.3087033
01mar2011,7.335919,0.3094144
02mar2011,7.347513,0.3102231
03mar2011,7.358675,0.3111284
04mar2011,7.368011,0.312103
05mar2011,7.371346,0.313124
06mar2011,7.370207,0.3141673
07mar2011,7.369943,0.3151724
08mar2011,7.371292,0.3161321
09mar2011,7.378267,0.3169857
10mar2011,7.390661,0.3177743
11mar2011,7.403887,0.3185025
12mar2011,7.411036,0.3191743
13mar2011,7.409512,0.3198737
14mar2011,7.410106,0.3205833
15mar2011,7.410132,0.321261
16mar2011,7.411637,0.3219771
17mar2011,7.412586,0.3228023
18mar2011,7.413981,0.3237076
19mar2011,7.413606,0.3246688
20mar2011,7.410617,0.3256959
21mar2011,7.409628,0.326786
22mar2011,7.413015,0.327854
23mar2011,7.418996,0.3289471
24mar2011,7.428003,0.3300101
25mar2011,7.438222,0.331038
26mar2011,7.442935,0.3320274
27mar2011,7.446101,0.3329472
28mar2011,7.451166,0.3337916
29mar2011,7.457014,0.33457
30mar2011,7.459243,0.3353494
31mar2011,7.463025,0.3361443
20110401,7.466436,0.3369439
20110402,7.465402,0.3377392
20110403,7.464549,0.3385274
20110404,7.470643,0.3393082
20110405,7.480065,0.3401474
20110406,7.490291,0.3409933
20110407,7.501758,0.3419407
20110408,7.513747,0.3429607
20110409,7.520038,0.3440294
20110410,7.520091,0.3451386
20110411,7.51997,0.3462703
20110412,7.520352,0.347424
20110413,7.522488,0.348575
20110414,7.527349,0.3496978
20110415,7.533392,0.3507866
20110416,7.534287,0.3518369
20110417,7.531681,0.3526835
20110418,7.530831,0.3534325
20110419,7.53272,0.3542295
20110420,7.535281,0.3551068
20110421,7.536846,0.356013
20110422,7.535344,0.3569335
20110423,7.530034,0.3578564
20110424,7.522127,0.3587933
20110425,7.512124,0.3597657
20110426,7.50632,0.3607804
20110427,7.50264,0.3619048
20110428,7.501163,0.3631311
20110429,7.499291,0.3644277
20110430,7.494179,0.3657682
01may2011,7.488992,0.367164
02may2011,7.484465,0.3685939
03may2011,7.480915,0.3700264
04may2011,7.477181,0.3712592
05may2011,7.478166,0.3722573
06may2011,7.480181,0.3730554
07may2011,7.479113,0.3736835
08may2011,7.476441,0.3740329
09may2011,7.474082,0.3741928
10may2011,7.472093,0.3741354
11may2011,7.472554,0.3738745
12may2011,7.468331,0.3733894
13may2011,7.45602,0.3727275
14may2011,7.433079,0.371929
15may2011,7.402151,0.3710829
16may2011,7.368474,0.3701616
17may2011,7.339379,0.3692694
18may2011,7.318815,0.3683986
19may2011,7.306045,0.367496
20may2011,7.298163,0.3665769
21may2011,7.291325,0.3656534
22may2011,7.278312,0.3646243
23may2011,7.264215,0.3635853
24may2011,7.256376,0.3625452
25may2011,7.24921,0.3615047
26may2011,7.245373,0.3606144
27may2011,7.246318,0.3598548
28may2011,7.246962,0.3592087
29may2011,7.247093,0.3586608
30may2011,7.25384,0.3582602
31may2011,7.262946,0.3580211
20110601,7.270546,0.3579116
20110602,7.278545,0.3580309
20110603,7.291834,0.3583344
20110604,7.300225,0.3587839
20110605,7.307343,0.3593583
20110606,7.318195,0.3600655
20110607,7.328636,0.3608132
20110608,7.338114,0.3615497
20110609,7.3525,0.3621529
20110610,7.3686,0.3626421
20110611,7.378414,0.363034
20110612,7.382843,0.3633453
20110613,7.386938,0.3636609
20110614,7.391998,0.3638014
20110615,7.400112,0.3637519
20110616,7.398489,0.3636693
20110617,7.402442,0.3635606
20110618,7.407792,0.3634318
20110619,7.414977,0.3632839
20110620,7.424567,0.363177
20110621,7.43676,0.3631071
20110622,7.449689,0.3629021
20110623,7.462631,0.3626058
20110624,7.474566,0.3622386
20110625,7.479139,0.3618175
20110626,7.479753,0.3614225
20110627,7.482872,0.3611124
20110628,7.489636,0.360916
20110629,7.500522,0.3608793
20110630,7.51202,0.3609619
20110701,7.524505,0.3611403
20110702,7.534885,0.3613946
20110703,7.542549,0.3617077
20110704,7.550842,0.3620392
20110705,7.561435,0.3622844
20110706,7.57366,0.362471
20110707,7.58645,0.36254
20110708,7.596589,0.3625128
20110709,7.599465,0.3624081
20110710,7.597205,0.3620882
20110711,7.600186,0.3615829
20110712,7.605828,0.3610411
20110713,7.612277,0.3604856
20110714,7.617912,0.3599065
20110715,7.623413,0.3593138
20110716,7.62149,0.3587161
20110717,7.617527,0.3580395
20110718,7.614837,0.3573866
20110719,7.614479,0.356782
20110720,7.616458,0.3563514
20110721,7.619625,0.3560619
20110722,7.622859,0.3558896
20110723,7.618769,0.3558139
20110724,7.608861,0.355811
20110725,7.598668,0.3559627
20110726,7.588296,0.3561536
20110727,7.578771,0.3563256
20110728,7.568786,0.3565397
20110729,7.558731,0.3567859
20110730,7.544865,0.3570555
20110731,7.525869,0.3572113
20110801,7.508807,0.3572944
20110802,7.495623,0.3573796
20110803,7.486734,0.3573517
20110804,7.47982,0.3572325
20110805,7.477488,0.3570406
20110806,7.469618,0.3567917
20110807,7.459331,0.3565576
20110808,7.449761,0.3563385
20110809,7.439494,0.3560993
20110810,7.427506,0.3558722
20110811,7.417411,0.3556635
20110812,7.408863,0.3554718
20110813,7.395874,0.3552959
20110814,7.37967,0.3552829
20110815,7.365528,0.3553805
20110816,7.352481,0.3555772
20110817,7.342443,0.3557714
20110818,7.337241,0.356023
20110819,7.336512,0.3563186
20110820,7.333729,0.3566468
20110821,7.327645,0.3569815
20110822,7.32233,0.3573507
20110823,7.31856,0.3577241
20110824,7.315559,0.3580818
20110825,7.316513,0.3584809
20110826,7.318457,0.3589094
20110827,7.312778,0.3593574
20110828,7.301833,0.3598493
20110829,7.292519,0.36032
20110830,7.284918,0.3607486
20110831,7.27808,0.3610531
20110901,7.272231,0.361198
20110902,7.269416,0.361212
20110903,7.26262,0.3611199
20110904,7.255645,0.3609428
20110905,7.252471,0.3605539
20110906,7.254621,0.3600395
20110907,7.260192,0.3593492
20110908,7.267441,0.3583198
20110909,7.275643,0.357026
20110910,7.279038,0.3555311
20110911,7.280489,0.3538654
20110912,7.286362,0.3521111
20110913,7.29612,0.3503244
20110914,7.311259,0.3486367
20110915,7.327636,0.3469917
20110916,7.345688,0.345398
20110917,7.360301,0.3438615
20110918,7.373355,0.3422797
20110919,7.388579,0.3407215
20110920,7.405537,0.3392178
20110921,7.423781,0.3375686
20110922,7.442057,0.3358714
20110923,7.460823,0.3341523
20110924,7.47528,0.3324327
20110925,7.486145,0.3307284
20110926,7.500129,0.3291199
20110927,7.515913,0.3276212
20110928,7.531942,0.3262345
20110929,7.547117,0.3248122
20110930,7.540069,0.3233751
01oct2011,7.511054,0.3219406
02oct2011,7.486124,0.3203967
03oct2011,7.470315,0.3187895
04oct2011,7.465207,0.3171725
05oct2011,7.458759,0.3156237
06oct2011,7.433416,0.3142229
07oct2011,7.415974,0.3129559
08oct2011,7.397422,0.3118101
09oct2011,7.375849,0.3107738
10oct2011,7.353644,0.3099433
11oct2011,7.336954,0.3093956
12oct2011,7.32327,0.309028
13oct2011,7.316766,0.3089049
14oct2011,7.315122,0.3089811
15oct2011,7.314202,0.309218
16oct2011,7.313292,0.3095167
17oct2011,7.314244,0.3098255
18oct2011,7.315143,0.31018
19oct2011,7.317803,0.3104931
20oct2011,7.323228,0.3109153
21oct2011,7.3324,0.3114218
22oct2011,7.337926,0.3119913
23oct2011,7.341422,0.3126488
24oct2011,7.345009,0.3133559
25oct2011,7.349716,0.3140433
26oct2011,7.354544,0.3149466
27oct2011,7.358896,0.3160099
28oct2011,7.361466,0.3171923
29oct2011,7.356692,0.3184593
30oct2011,7.346942,0.3196278
31oct2011,7.339649,0.3205085
20111101,7.337907,0.3212399
20111102,7.343022,0.3218001
20111103,7.356356,0.3222283
20111104,7.372692,0.3225454
20111105,7.387157,0.3227694
20111106,7.399677,0.3229033
20111107,7.415727,0.3229927
20111108,7.434643,0.3229071
20111109,7.455011,0.3226835
20111110,7.474828,0.3223504
20111111,7.492994,0.3219319
20111112,7.506624,0.3214485
20111113,7.51494,0.3209357
20111114,7.523846,0.3203297
20111115,7.532121,0.3196403
20111116,7.540004,0.3189029
20111117,7.548946,0.3181331
20111118,7.558295,0.3173448
20111119,7.561086,0.3165495
20111120,7.560921,0.3157593
20111121,7.558297,0.3149627
20111122,7.553872,0.3140549
20111123,7.550898,0.3130661
20111124,7.547591,0.3119441
20111125,7.543472,0.3107254
20111126,7.532614,0.3094406
20111127,7.516004,0.3081829
20111128,7.500434,0.3069663
20111129,7.488129,0.3058774
20111130,7.475879,0.3049281
01dec2011,7.464416,0.3040261
02dec2011,7.453518,0.3031714
03dec2011,7.438302,0.3023637
04dec2011,7.418986,0.3016593
05dec2011,7.401543,0.3009967
06dec2011,7.386274,0.3003663
07dec2011,7.374404,0.2997217
08dec2011,7.36062,0.2991053
09dec2011,7.344082,0.2985176
10dec2011,7.322569,0.2979593
11dec2011,7.296718,0.2972946
12dec2011,7.273893,0.296479
13dec2011,7.254221,0.2954557
14dec2011,7.232934,0.2943058
15dec2011,7.212329,0.2930743
16dec2011,7.194984,0.2917888
17dec2011,7.174395,0.2904725
18dec2011,7.150789,0.2891384
19dec2011,7.128913,0.2878482
20dec2011,7.10947,0.2865791
21dec2011,7.09356,0.2853435
22dec2011,7.077353,0.2841436
23dec2011,7.061033,0.2829846
24dec2011,7.041517,0.2818704
25dec2011,7.016541,0.2808035
26dec2011,6.987924,0.2798117
27dec2011,6.963523,0.2787767
28dec2011,6.946806,0.2777373
29dec2011,6.933315,0.2767209
30dec2011,6.920865,0.2757332
31dec2011,6.907011,0.2747787
20120101,6.88916,0.2738606
20120102,6.871657,0.2730488
20120103,6.857588,0.2722304
20120104,6.847656,0.2713006
20120105,6.842531,0.2702426
20120106,6.842912,0.2690915
20120107,6.840244,0.2678764
20120108,6.834343,0.2666391
20120109,6.83222,0.2654249
20120110,6.835276,0.2641663
20120111,6.845459,0.2629878
20120112,6.860529,0.2617794
20120113,6.878644,0.2605587
20120114,6.896542,0.2593404
20120115,6.915789,0.2581362
20120116,6.939834,0.257001
20120117,6.969407,0.2559995
20120118,7.000854,0.2552035
20120119,7.030571,0.2545902
20120120,7.057163,0.2541311
20120121,7.07585,0.2538014
20120122,7.076213,0.253647
20120123,7.068511,0.2536121
20120124,7.067597,0.2536544
20120125,7.083017,0.2538921
20120126,7.103654,0.2543159
20120127,7.127011,0.2548863
20120128,7.146782,0.2555697
20120129,7.164032,0.2562853
20120130,7.184008,0.2569665
20120131,7.20695,0.257709
20120201,7.229802,0.2584846
20120202,7.252147,0.2592328
20120203,7.256014,0.2599514
20120204,7.258871,0.2606389
20120205,7.261985,0.2613124
20120206,7.2706,0.2620544
20120207,7.28615,0.2628514
20120208,7.30457,0.2637179
20120209,7.327185,0.264549
20120210,7.353675,0.2653432
20120211,7.375304,0.2660996
20120212,7.394785,0.2668359
20120213,7.416505,0.2675015
20120214,7.439803,0.268056
20120215,7.465892,0.2685325
20120216,7.496272,0.2689707
20120217,7.527082,0.2693736
20120218,7.55065,0.2697438
20120219,7.57189,0.2700838
20120220,7.596047,0.2704763
20120221,7.621562,0.2709043
20120222,7.645709,0.2713998
20120223,7.666414,0.2720607
20120224,7.683805,0.2728491
20120225,7.694826,0.2737327
20120226,7.701147,0.2746453
20120227,7.707678,0.2756035
20120228,7.715344,0.2765197
20120229,7.724051,0.2773633
01mar2012,7.734054,0.2780509
02mar2012,7.743382,0.2786052
03mar2012,7.745839,0.2790459
04mar2012,7.74282,0.2794085
05mar2012,7.739045,0.279619
06mar2012,7.735235,0.2797309
07mar2012,7.730881,0.2798429
08mar2012,7.727452,0.2798416
09mar2012,7.728202,0.2797485
10mar2012,7.724838,0.279582
11mar2012,7.716605,0.2793828
12mar2012,7.710451,0.2791348
13mar2012,7.705566,0.2787854
14mar2012,7.700558,0.2783918
15mar2012,7.696522,0.2780435
16mar2012,7.692027,0.2777352
17mar2012,7.681828,0.2774625
18mar2012,7.668387,0.2772751
19mar2012,7.654866,0.2771434
20mar2012,7.642191,0.2770341
21mar2012,7.631437,0.276947
22mar2012,7.62275,0.2769309
23mar2012,7.616078,0.2769725
24mar2012,7.606962,0.2770604
25mar2012,7.596826,0.2772338
26mar2012,7.589267,0.2774808
27mar2012,7.582318,0.2777578
28mar2012,7.577869,0.27803
29mar2012,7.575205,0.2783475
30mar2012,7.564782,0.2786986
31mar2012,7.548026,0.2790733
20120401,7.523759,0.2794566
20120402,7.503825,0.2798521
20120403,7.487941,0.280094
20120404,7.475419,0.2801618
20120405,7.46769,0.280107
20120406,7.458087,0.2799533
20120407,7.445884,0.2797212
20120408,7.431163,0.2794264
20120409,7.419619,0.2790691
20120410,7.412924,0.2786923
20120411,7.409371,0.2783545
20120412,7.409006,0.2779839
20120413,7.413831,0.2775903
20120414,7.417316,0.2771822
20120415,7.42081,0.2767548
20120416,7.426502,0.2763589
20120417,7.436631,0.2759917
20120418,7.448384,0.275659
20120419,7.460625,0.2754183
20120420,7.46549,0.2752546
20120421,7.464905,0.2751549
20120422,7.462402,0.2750449
20120423,7.461879,0.274987
20120424,7.462841,0.2749741
20120425,7.465232,0.2750145
20120426,7.470211,0.2751096
20120427,7.476513,0.2752482
20120428,7.474921,0.2754206
20120429,7.467082,0.2756043
20120430,7.460838,0.2757931
01may2012,7.45684,0.2759294
02may2012,7.455936,0.2760167
03may2012,7.45555,0.2760206
04may2012,7.455492,0.2759569
05may2012,7.451664,0.2758392
06may2012,7.448151,0.275649
07may2012,7.450971,0.2753736
08may2012,7.458093,0.2749851
09may2012,7.467622,0.2745125
10may2012,7.468221,0.2739597
11may2012,7.473182,0.2733473
12may2012,7.47713,0.2726929
13may2012,7.481349,0.2719412
14may2012,7.489753,0.2710572
15may2012,7.501442,0.2700444
16may2012,7.516676,0.2689209
17may2012,7.534845,0.2677282
18may2012,7.55353,0.2664916
19may2012,7.571956,0.2652318
20may2012,7.587442,0.2640033
21may2012,7.603177,0.2627859
22may2012,7.617341,0.2614584
23may2012,7.63071,0.2600662
24may2012,7.64285,0.2585837
25may2012,7.653821,0.2570428
26may2012,7.657646,0.2554701
27may2012,7.655051,0.2538873
28may2012,7.653424,0.2522883
29may2012,7.657134,0.2506253
30may2012,7.663797,0.248894
31may2012,7.665601,0.24717
20120601,7.661611,0.2454691
20120602,7.653433,0.2438039
20120603,7.642128,0.2422444
20120604,7.632276,0.2407398
20120605,7.624667,0.239373
20120606,7.619269,0.2381579
20120607,7.599273,0.237009
20120608,7.586225,0.2359254
20120609,7.577052,0.2349055
20120610,7.570504,0.2339649
20120611,7.56996,0.2330764
20120612,7.571314,0.2323339
20120613,7.575891,0.2317266
20120614,7.581704,0.2312547
20120615,7.590168,0.2308972
20120616,7.596039,0.2306359
20120617,7.603675,0.2304115
20120618,7.61746,0.2303095
20120619,7.633763,0.2303164
20120620,7.652632,0.2303187
20120621,7.671735,0.2302848
20120622,7.690838,0.2302219
20120623,7.70022,0.2301361
20120624,7.704424,0.2299806
20120625,7.702285,0.2297631
20120626,7.704503,0.2294863
20120627,7.708858,0.2291449
20120628,7.711231,0.2289418
20120629,7.71099,0.2288529
20120630,7.702592,0.2288572
20120701,7.688766,0.2288706
20120702,7.677583,0.2289197
20120703,7.667828,0.2289972
20120704,7.65845,0.2289083
20120705,7.651094,0.2286035
20120706,7.644163,0.2281268
20120707,7.631461,0.2275158
20120708,7.615767,0.226815
20120709,7.602419,0.2260128
20120710,7.590926,0.2251273
20120711,7.582165,0.2241465
20120712,7.567907,0.2231253
20120713,7.556026,0.2220815
20120714,7.541413,0.22103
20120715,7.524996,0.2200112
20120716,7.511144,0.2190023
20120717,7.499273,0.2180333
20120718,7.482898,0.2171033
20120719,7.472063,0.2161478
20120720,7.466149,0.2151811
20120721,7.456854,0.2142151
20120722,7.444824,0.2132182
20120723,7.436887,0.2121533
20120724,7.434973,0.2111018
20120725,7.435865,0.2101929
20120726,7.438797,0.2094816
20120727,7.440742,0.2089376
20120728,7.437867,0.2085345
20120729,7.431926,0.208152
20120730,7.42694,0.207843
20120731,7.423243,0.2075836
20120801,7.420882,0.2072443
20120802,7.416331,0.20704
20120803,7.411349,0.2069472
20120804,7.40166,0.2069456
20120805,7.391356,0.2070437
20120806,7.38438,0.2072216
20120807,7.379707,0.2074155
20120808,7.37489,0.2075506
20120809,7.369639,0.2076531
20120810,7.359758,0.2077281
20120811,7.347093,0.20778
20120812,7.33197,0.2078461
20120813,7.320504,0.2079149
20120814,7.311814,0.2079518
20120815,7.293922,0.2080178
20120816,7.280571,0.2080734
20120817,7.27191,0.20812
20120818,7.261032,0.2081589
20120819,7.250782,0.2082138
20120820,7.244455,0.2083852
20120821,7.241531,0.2086492
20120822,7.245593,0.2090742
20120823,7.254818,0.2095854
20120824,7.268969,0.2101615
20120825,7.263114,0.2107843
20120826,7.254739,0.2114235
20120827,7.248566,0.2121096
20120828,7.246184,0.212806
20120829,7.234427,0.2134711
20120830,7.226186,0.2141687
20120831,7.222484,0.2148858
20120901,7.214194,0.2156113
20120902,7.204797,0.2163366
20120903,7.199241,0.2170448
20120904,7.185248,0.2177615
20120905,7.178194,0.2184961
20120906,7.17693,0.2193716
20120907,7.180256,0.2203526
20120908,7.183173,0.2214091
20120909,7.184301,0.2225155
20120910,7.188569,0.2237004
20120911,7.196228,0.2249648
20120912,7.205442,0.2262951
20120913,7.21405,0.227842
20120914,7.225637,0.2295489
20120915,7.236077,0.2313682
20120916,7.242329,0.2332475
20120917,7.250053,0.2351
20120918,7.258596,0.2369231
20120919,7.267118,0.2386142
20120920,7.276829,0.2402137
20120921,7.287328,0.2417232
20120922,7.291732,0.2431445
20120923,7.291871,0.2444178
20120924,7.292063,0.2455862
20120925,7.29514,0.2465859
20120926,7.302736,0.247456
20120927,7.313631,0.2481985
20120928,7.324941,0.2488302
20120929,7.331346,0.2493658
20120930,7.333187,0.2498525
01oct2012,7.33567,0.250334
02oct2012,7.339588,0.2507741
03oct2012,7.344637,0.2512472
04oct2012,7.351887,0.2517869
05oct2012,7.3629,0.2523751
06oct2012,7.369476,0.2529967
07oct2012,7.370891,0.2536392
08oct2012,7.374104,0.254151
09oct2012,7.381852,0.2545612
10oct2012,7.390219,0.2549159
11oct2012,7.399388,0.2552361
12oct2012,7.408925,0.2555251
13oct2012,7.411136,0.255786
14oct2012,7.406454,0.2560245
15oct2012,7.40425,0.2563088
16oct2012,7.403383,0.2567014
17oct2012,7.404835,0.2571573
18oct2012,7.407116,0.2575955
19oct2012,7.411517,0.258015
20oct2012,7.407825,0.2584153
21oct2012,7.401171,0.2588273
22oct2012,7.395171,0.2591741
23oct2012,7.390328,0.2594453
24oct2012,7.387194,0.2596617
25oct2012,7.382092,0.2598163
26oct2012,7.378386,0.2599191
27oct2012,7.371031,0.2599791
28oct2012,7.359929,0.259979
29oct2012,7.352533,0.2599865
30oct2012,7.346757,0.2599841
31oct2012,7.343106,0.2599573
20121101,7.3403,0.2598421
20121102,7.337796,0.2596564
20121103,7.329161,0.2594154
20121104,7.320022,0.2590869
20121105,7.313589,0.2587125
20121106,7.309668,0.2582587
20121107,7.30808,0.2577301
20121108,7.307907,0.2571267
20121109,7.308833,0.2564686
20121110,7.304652,0.2557728
20121111,7.297355,0.2550535
20121112,7.297363,0.254323
20121113,7.300622,0.2536097
20121114,7.307936,0.2529512
20121115,7.317096,0.2522903
20121116,7.327438,0.251634
20121117,7.334126,0.250988
20121118,7.336502,0.2504282
20121119,7.341085,0.24995
20121120,7.346353,0.2495442
20121121,7.351547,0.2492012
20121122,7.354899,0.2490234
20121123,7.356515,0.2489812
20121124,7.352103,0.2490493
20121125,7.34493,0.2492114
20121126,7.34125,0.2494279
20121127,7.338758,0.2496733
20121128,7.339638,0.2499627
20121129,7.343384,0.2503289
20121130,7.348782,0.2507535
01dec2012,7.346928,0.2512213
02dec2012,7.33879,0.2517622
03dec2012,7.33396,0.2523685
04dec2012,7.330677,0.2530186
05dec2012,7.326943,0.253614
06dec2012,7.323634,0.2541391
07dec2012,7.32142,0.2546019
08dec2012,7.31237,0.2550097
09dec2012,7.299817,0.2553596
10dec2012,7.291192,0.2557069
11dec2012,7.284499,0.256084
12dec2012,7.279392,0.2565113
13dec2012,7.278088,0.2570184
14dec2012,7.278196,0.2575853
15dec2012,7.273949,0.2581947
16dec2012,7.264363,0.2588592
17dec2012,7.25746,0.2596034
18dec2012,7.252539,0.2604318
19dec2012,7.248646,0.261293
20dec2012,7.247056,0.2621281
21dec2012,7.245874,0.2629339
22dec2012,7.240959,0.2637076
23dec2012,7.230165,0.2644578
24dec2012,7.215622,0.2651812
25dec2012,7.193278,0.2659128
26dec2012,7.1688,0.2666438
27dec2012,7.146078,0.267361
28dec2012,7.126757,0.2680597
29dec2012,7.10629,0.2687365
30dec2012,7.082931,0.2693631
31dec2012,7.060442,0.2699427
20130101,7.036283,0.2704853
20130102,7.01499,0.2709278
20130103,6.997053,0.2712367
20130104,6.980873,0.2714343
20130105,6.963943,0.2715398
20130106,6.945483,0.2716093
20130107,6.932231,0.2716253
20130108,6.92365,0.2716055
20130109,6.921026,0.2716648
20130110,6.92369,0.2718878
20130111,6.931376,0.2722411
20130112,6.938227,0.2726965
20130113,6.943012,0.2732418
20130114,6.950675,0.2738345
20130115,6.961216,0.2744318
20130116,6.972634,0.275065
20130117,6.984733,0.2756814
20130118,6.99705,0.2762778
20130119,7.004567,0.2768523
20130120,6.998324,0.277403
20130121,6.996208,0.2779299
20130122,6.997576,0.2784352
20130123,6.988822,0.2789705
20130124,6.985595,0.2795826
20130125,6.986809,0.2802511
20130126,6.983449,0.2809584
20130127,6.97917,0.2816924
20130128,6.97909,0.2824593
20130129,6.984334,0.2833041
20130130,6.99455,0.2842185
20130131,7.007995,0.2852592
20130201,7.0222,0.2863919
20130202,7.032154,0.2875876
20130203,7.034063,0.2887014
20130204,7.039948,0.2897685
20130205,7.047513,0.290757
20130206,7.057731,0.2915634
20130207,7.069677,0.2922021
20130208,7.08097,0.2926989
20130209,7.079687,0.2930755
20130210,7.076907,0.2933869
20130211,7.078515,0.2936693
20130212,7.086914,0.2939237
20130213,7.100423,0.2940679
20130214,7.114226,0.2941423
20130215,7.129034,0.2941595
20130216,7.124377,0.2941301
20130217,7.122365,0.2940633
20130218,7.124595,0.2939855
20130219,7.13168,0.293872
20130220,7.143169,0.2936206
20130221,7.156245,0.2932314
20130222,7.170368,0.2927343
20130223,7.18154,0.2921548
20130224,7.193889,0.291519
20130225,7.206953,0.2907539
20130226,7.22425,0.2899299
20130227,7.244658,0.2890474
20130228,7.267727,0.2880566
01mar2013,7.288172,0.2869878
02mar2013,7.301651,0.2858666
03mar2013,7.310903,0.2847204
04mar2013,7.322887,0.283583
05mar2013,7.335538,0.2824418
06mar2013,7.347794,0.2813917
07mar2013,7.360712,0.2803448
08mar2013,7.371555,0.2793108
09mar2013,7.380457,0.2782976
10mar2013,7.36157,0.2773284
11mar2013,7.350425,0.2764114
12mar2013,7.345031,0.2754888
13mar2013,7.347279,0.2745902
14mar2013,7.356159,0.2737984
15mar2013,7.36835,0.273101
16mar2013,7.382026,0.272487
17mar2013,7.396158,0.2718546
18mar2013,7.415767,0.2711609
19mar2013,7.440014,0.2704725
20mar2013,7.466213,0.2697782
21mar2013,7.493946,0.2691387
22mar2013,7.524544,0.2685498
23mar2013,7.557514,0.2680079
24mar2013,7.579058,0.2674206
25mar2013,7.601325,0.2667844
26mar2013,7.626811,0.2660559
27mar2013,7.65115,0.2653065
28mar2013,7.67337,0.2645275
29mar2013,7.69202,0.2637324
30mar2013,7.693905,0.2629321
31mar2013,7.679783,0.2621676
20130401,7.654737,0.2614233
20130402,7.62261,0.2607115
20130403,7.58793,0.2600385
20130404,7.549641,0.2595374
20130405,7.508978,0.2591805
20130406,7.461449,0.258944
20130407,7.40902,0.2587928
20130408,7.359737,0.2587766
20130409,7.311485,0.2588453
20130410,7.266194,0.2590311
20130411,7.221478,0.2592871
20130412,7.180459,0.2595972
20130413,7.136588,0.259948
20130414,7.089426,0.2603193
20130415,7.043733,0.2607484
20130416,6.998956,0.2611497
20130417,6.956865,0.2615421
20130418,6.920061,0.2619189
20130419,6.885052,0.2622791
20130420,6.846075,0.2626224
20130421,6.804903,0.2629363
20130422,6.766476,0.263194
20130423,6.731983,0.2633922
20130424,6.702249,0.2635455
20130425,6.675519,0.2636763
20130426,6.650639,0.2637876
20130427,6.621442,0.263882
20130428,6.594212,0.2640122
20130429,6.573196,0.2642296
20130430,6.55863,0.2645337
01may2013,6.548042,0.264809
02may2013,6.536368,0.2650932
03may2013,6.521612,0.265382
04may2013,6.500127,0.2656715
05may2013,6.474387,0.2659243
06may2013,6.452338,0.2661587
07may2013,6.436687,0.2664458
08may2013,6.426043,0.266718
09may2013,6.419008,0.2668603
10may2013,6.413122,0.2668959
11may2013,6.399518,0.2668447
12may2013,6.384517,0.2667439
13may2013,6.374641,0.2665945
14may2013,6.367112,0.2663206
15may2013,6.360405,0.2659804
16may2013,6.354266,0.2655277
17may2013,6.352745,0.2649884
18may2013,6.347825,0.2643843
19may2013,6.336852,0.2637704
20may2013,6.32688,0.2631896
21may2013,6.320303,0.2626058
22may2013,6.317213,0.2620873
23may2013,6.315218,0.2616083
24may2013,6.311477,0.2611662
25may2013,6.302269,0.2607583
26may2013,6.289218,0.2603823
27may2013,6.278908,0.259997
28may2013,6.271029,0.2596655
29may2013,6.264945,0.2594561
30may2013,6.259809,0.2593064
31may2013,6.25604,0.2592065
20130601,6.247531,0.2591479
20130602,6.233458,0.2592077
20130603,6.219437,0.2593452
20130604,6.208966,0.2595543
20130605,6.201476,0.2599407
20130606,6.196439,0.2604624
20130607,6.193105,0.2610884
20130608,6.185032,0.2617927
20130609,6.174992,0.2625472
20130610,6.167355,0.2633682
20130611,6.166088,0.2642918
20130612,6.172246,0.2652593
20130613,6.193835,0.2662648
20130614,6.22621,0.2672908
20130615,6.26274,0.2683233
20130616,6.301311,0.269359
20130617,6.346965,0.2704362
20130618,6.396652,0.2715341
20130619,6.449353,0.272495
20130620,6.505266,0.2732585
20130621,6.563323,0.2738546
20130622,6.615456,0.274309
20130623,6.661971,0.2746274
20130624,6.706571,0.2748241
20130625,6.748452,0.2748634
20130626,6.787291,0.2747825
20130627,6.827245,0.2746005
20130628,6.86763,0.2743384
20130629,6.900335,0.2740141
20130630,6.927817,0.2736809
20130701,6.955242,0.273311
20130702,6.987724,0.2729056
20130703,7.027088,0.2724758
20130704,7.07044,0.2718956
20130705,7.115595,0.2711996
20130706,7.154506,0.2704165
20130707,7.188023,0.2695958
20130708,7.223044,0.2686833
20130709,7.258632,0.2677619
20130710,7.292902,0.2669968
20130711,7.324343,0.2663677
20130712,7.353592,0.2658549
20130713,7.374188,0.2654414
20130714,7.388605,0.2651058
20130715,7.405276,0.2649166
20130716,7.4249,0.2648099
20130717,7.446343,0.2647589
20130718,7.469727,0.2648022
20130719,7.49455,0.2649216
20130720,7.514166,0.2651013
20130721,7.528463,0.2653669
20130722,7.542368,0.2657138
20130723,7.555192,0.2661351
20130724,7.569924,0.2666171
20130725,7.589327,0.2671698
20130726,7.609478,0.2677742
20130727,7.623946,0.2684145
20130728,7.635116,0.2690721
20130729,7.647553,0.2697403
20130730,7.66064,0.2704224
20130731,7.673243,0.2710599
20130801,7.68539,0.2716933
20130802,7.696356,0.2723171
20130803,7.703418,0.272927
20130804,7.709255,0.2735111
20130805,7.71917,0.2740979
20130806,7.730953,0.2747058
20130807,7.744652,0.2753718
20130808,7.759522,0.276038
20130809,7.773509,0.2766975
20130810,7.783111,0.277345
20130811,7.78927,0.2779569
20130812,7.796119,0.2784848
20130813,7.800502,0.2789462
20130814,7.80345,0.2793544
20130815,7.791722,0.279759
20130816,7.779979,0.2801568
20130817,7.763151,0.280545
20130818,7.744402,0.2809418
20130819,7.730108,0.2813998
20130820,7.717947,0.2818597
20130821,7.707714,0.2823118
20130822,7.699112,0.2827757
20130823,7.691381,0.2832443
20130824,7.681074,0.2837123
20130825,7.669871,0.2841577
20130826,7.660172,0.2845939
20130827,7.654984,0.2849726
20130828,7.651789,0.2852271
20130829,7.650364,0.2853543
20130830,7.650196,0.2853771
20130831,7.64497,0.2853151
20130901,7.630867,0.2851849
20130902,7.619542,0.2849767
20130903,7.611001,0.2847437
20130904,7.606615,0.284423
20130905,7.605964,0.2840695
20130906,7.608015,0.2836931
20130907,7.608683,0.2833017
20130908,7.607058,0.2829734
20130909,7.60867,0.2826994
20130910,7.611548,0.282503
20130911,7.615803,0.282382
20130912,7.621495,0.2822938
20130913,7.628557,0.2822332
20130914,7.630276,0.2821955
20130915,7.627518,0.2822323
20130916,7.626669,0.2823344
20130917,7.627911,0.2824838
20130918,7.631798,0.2828009
20130919,7.629122,0.2832472
20130920,7.630251,0.2837935
20130921,7.628382,0.2844154
20130922,7.625264,0.2850909
20130923,7.626786,0.2857807
20130924,7.631189,0.2865093
20130925,7.638295,0.2872236
20130926,7.648001,0.2879584
20130927,7.655457,0.2887024
20130928,7.660236,0.2894464
20130929,7.659968,0.2901815
20130930,7.663003,0.2909014
01oct2013,7.668304,0.2916444
02oct2013,7.676035,0.2924355
03oct2013,7.675676,0.2932135
04oct2013,7.67145,0.2939731
05oct2013,7.666167,0.2947104
06oct2013,7.660493,0.2954124
07oct2013,7.658776,0.2960885
08oct2013,7.659918,0.296686
09oct2013,7.66459,0.29723
10oct2013,7.671689,0.2977431
11oct2013,7.679499,0.2982258
12oct2013,7.683284,0.2986793
13oct2013,7.68396,0.2991044
14oct2013,7.687811,0.2994543
15oct2013,7.694944,0.2997369
16oct2013,7.703217,0.3000901
17oct2013,7.712447,0.3005184
18oct2013,7.723284,0.3010031
19oct2013,7.731168,0.3015287
20oct2013,7.735816,0.3020667
21oct2013,7.737371,0.3026868
22oct2013,7.742476,0.3033728
23oct2013,7.750819,0.3041229
24oct2013,7.76191,0.3049057
25oct2013,7.773745,0.3057072
26oct2013,7.780244,0.3065158
27oct2013,7.7813,0.3073163
28oct2013,7.785652,0.3080907
29oct2013,7.792724,0.3088368
30oct2013,7.800397,0.3094232
31oct2013,7.807401,0.3097961
20131101,7.810954,0.3099923
20131102,7.808921,0.3100435
20131103,7.800011,0.3099974
20131104,7.788836,0.309839
20131105,7.780478,0.3096354
20131106,7.775185,0.3092934
20131107,7.771793,0.308818
20131108,7.767763,0.3082393
20131109,7.759024,0.3075828
20131110,7.744796,0.3068697
20131111,7.731646,0.3061709
20131112,7.720842,0.3055117
20131113,7.71366,0.3048998
20131114,7.709838,0.3043415
20131115,7.709563,0.303832
20131116,7.702615,0.3033673
20131117,7.693542,0.302973
20131118,7.686306,0.3026464
20131119,7.684,0.3023201
20131120,7.68435,0.3020113
20131121,7.685334,0.3017769
20131122,7.685997,0.3016051
20131123,7.680364,0.3014857
20131124,7.669981,0.3013767
20131125,7.664021,0.3013163
20131126,7.663018,0.3013018
20131127,7.665776,0.3013246
20131128,7.669037,0.3014092
20131129,7.672766,0.3015428
20131130,7.667464,0.3017148
01dec2013,7.642985,0.3018766
02dec2013,7.610042,0.3020666
03dec2013,7.57149,0.3022415
04dec2013,7.531665,0.3024826
05dec2013,7.501717,0.3027939
06dec2013,7.478727,0.3031589
07dec2013,7.456016,0.3035637
08dec2013,7.426286,0.3040231
09dec2013,7.403656,0.3045504
10dec2013,7.388234,0.3051514
11dec2013,7.377732,0.3057727
12dec2013,7.374754,0.3063838
13dec2013,7.376369,0.3069806
14dec2013,7.376297,0.3075598
15dec2013,7.377024,0.3081429
16dec2013,7.381305,0.308717
17dec2013,7.388775,0.3092909
18dec2013,7.397946,0.3097862
19dec2013,7.40801,0.3102179
20dec2013,7.41941,0.3105937
21dec2013,7.42535,0.3109206
22dec2013,7.427502,0.311225
23dec2013,7.428981,0.3114899
24dec2013,7.426348,0.3117202
25dec2013,7.416099,0.3119303
26dec2013,7.402388,0.3121773
27dec2013,7.389195,0.3124518
28dec2013,7.372233,0.3127458
29dec2013,7.353102,0.3130889
30dec2013,7.339025,0.3134415
31dec2013,7.326093,0.3137983
20140101,7.311435,0.3140756
20140102,7.301172,0.3142386
20140103,7.295952,0.3143076
20140104,7.287801,0.3142996
20140105,7.279096,0.3142514
20140106,7.273876,0.314158
20140107,7.273496,0.3140052
20140108,7.278682,0.3138097
20140109,7.28896,0.313635
20140110,7.301435,0.3134789
20140111,7.310566,0.3133396
20140112,7.317794,0.3132026
20140113,7.327921,0.3130946
20140114,7.340234,0.3129539
20140115,7.353822,0.3127853
20140116,7.369433,0.3125619
20140117,7.368522,0.3122962
20140118,7.351001,0.311999
20140119,7.319284,0.3116793
20140120,7.286165,0.3113489
20140121,7.25009,0.3110029
20140122,7.209659,0.310746
20140123,7.146245,0.310564
20140124,7.059525,0.3104445
20140125,6.960585,0.3103767
20140126,6.883504,0.3103508
20140127,6.831363,0.3103466
20140128,6.799942,0.3103608
20140129,6.786144,0.310306
20140130,6.78311,0.3101597
20140131,6.79375,0.3099405
20140201,6.810268,0.3096646
20140202,6.827909,0.3093626
20140203,6.851851,0.3090306
20140204,6.881948,0.3086864
20140205,6.915012,0.3083986
20140206,6.950724,0.3081666
20140207,6.987926,0.3079821
20140208,7.020557,0.3078381
20140209,7.048913,0.3077501
20140210,7.080178,0.3077159
20140211,7.116585,0.3076799
20140212,7.154896,0.3076994
20140213,7.193015,0.3077791
20140214,7.23141,0.3079066
20140215,7.261623,0.3080716
20140216,7.285327,0.3082654
20140217,7.311086,0.30853
20140218,7.33775,0.3088524
20140219,7.36631,0.3091657
20140220,7.394089,0.3094921
20140221,7.4214,0.3098256
20140222,7.443453,0.3101617
20140223,7.459981,0.3105125
20140224,7.478819,0.3108753
20140225,7.498458,0.3111851
20140226,7.517601,0.3114899
20140227,7.523957,0.311847
20140228,7.532502,0.312243
01mar2014,7.534958,0.3126664
02mar2014,7.52188,0.3130768
03mar2014,7.51227,0.3134491
04mar2014,7.504759,0.3137891
05mar2014,7.500762,0.3141822
06mar2014,7.500946,0.3146287
07mar2014,7.502259,0.3151141
08mar2014,7.499316,0.3156261
09mar2014,7.49404,0.3161633
10mar2014,7.491793,0.316706
11mar2014,7.493032,0.3172744
12mar2014,7.494794,0.3178746
13mar2014,7.497632,0.3184922
14mar2014,7.496158,0.3191179
15mar2014,7.490624,0.3197438
16mar2014,7.480906,0.3203658
17mar2014,7.475049,0.3209683
18mar2014,7.473688,0.3215469
19mar2014,7.476352,0.3220093
20mar2014,7.480831,0.3223723
21mar2014,7.486013,0.3226511
22mar2014,7.48699,0.3228589
23mar2014,7.48595,0.3230079
24mar2014,7.487929,0.3231027
25mar2014,7.493443,0.3231591
26mar2014,7.500823,0.3231592
27mar2014,7.510367,0.3231144
28mar2014,7.519152,0.3230337
29mar2014,7.523582,0.3229247
30mar2014,7.525594,0.3228113
31mar2014,7.530005,0.3227151
20140401,7.536107,0.3226025
20140402,7.54325,0.3224393
20140403,7.551461,0.3222337
20140404,7.555424,0.3219958
20140405,7.558212,0.3217342
20140406,7.557777,0.3214859
20140407,7.558575,0.3212922
20140408,7.559882,0.3211548
20140409,7.56363,0.3211192
20140410,7.568557,0.3211708
20140411,7.574129,0.3212925
20140412,7.572332,0.3214697
20140413,7.565184,0.3216368
20140414,7.560018,0.3217809
20140415,7.556479,0.3219152
20140416,7.55442,0.3220488
20140417,7.554319,0.322169
20140418,7.552096,0.322277
20140419,7.544869,0.3223742
20140420,7.533633,0.3224427
20140421,7.523667,0.3224976
20140422,7.516692,0.322548
20140423,7.512963,0.3226045
20140424,7.514559,0.3226725
20140425,7.51675,0.3227492
20140426,7.515597,0.3228322
20140427,7.511929,0.3229237
20140428,7.509281,0.3229953
20140429,7.509776,0.3230947
20140430,7.513469,0.3232136
01may2014,7.517699,0.3233448
02may2014,7.520724,0.3234848
03may2014,7.517889,0.3236304
04may2014,7.512198,0.3237936
05may2014,7.51016,0.3239981
06may2014,7.51219,0.3242291
07may2014,7.514835,0.324441
08may2014,7.484171,0.3245622
09may2014,7.459726,0.3246087
10may2014,7.435575,0.3245943
11may2014,7.410902,0.3245285
12may2014,7.395453,0.324386
13may2014,7.387563,0.324188
14may2014,7.383114,0.3239426
15may2014,7.382605,0.3236584
16may2014,7.384193,0.3233455
17may2014,7.38166,0.3230125
18may2014,7.377259,0.3226725
19may2014,7.375015,0.3223199
20may2014,7.376067,0.3219278
21may2014,7.381099,0.3215039
22may2014,7.389229,0.3210409
23may2014,7.398256,0.3205509
24may2014,7.4027,0.3200439
25may2014,7.406443,0.3195282
26may2014,7.410553,0.3190033
27may2014,7.415324,0.31846
28may2014,7.421384,0.317916
29may2014,7.428272,0.3174005
30may2014,7.435137,0.3169131
31may2014,7.435006,0.3164534
20140601,7.433695,0.3159958
20140602,7.437325,0.3155576
20140603,7.444458,0.3151359
20140604,7.453712,0.3147311
20140605,7.463252,0.3143593
20140606,7.470353,0.3140181
20140607,7.471622,0.313705
20140608,7.469345,0.3133811
20140609,7.46751,0.3130178
20140610,7.467565,0.312618
20140611,7.470415,0.3122105
20140612,7.474201,0.3117756
20140613,7.476845,0.3113229
20140614,7.471926,0.3108604
20140615,7.441262,0.3104357
20140616,7.419002,0.3100203
20140617,7.402993,0.3096341
20140618,7.391056,0.3093145
20140619,7.384627,0.309027
20140620,7.382293,0.3087685
20140621,7.378978,0.3085359
20140622,7.371307,0.3083318
20140623,7.366818,0.3081492
20140624,7.366549,0.3080226
20140625,7.369061,0.307922
20140626,7.372171,0.3078589
20140627,7.375862,0.3078268
20140628,7.372915,0.3078202
20140629,7.365746,0.3078774
20140630,7.361872,0.3079792
20140701,7.362176,0.3080978
20140702,7.365336,0.3081951
20140703,7.36903,0.3082742
20140704,7.369831,0.3083377
20140705,7.365324,0.3083879
20140706,7.356459,0.3084225
20140707,7.352422,0.3084515
20140708,7.351439,0.3084873
20140709,7.351786,0.3085063
20140710,7.354994,0.3085099
20140711,7.364427,0.3085012
20140712,7.36797,0.3084825
20140713,7.369029,0.3084721
20140714,7.371677,0.3084339
20140715,7.377149,0.3083418
20140716,7.38478,0.3082071
20140717,7.393491,0.308028
20140718,7.403204,0.3078149
20140719,7.409474,0.3075762
20140720,7.413906,0.307326
20140721,7.42049,0.3070288
20140722,7.427072,0.3066907
20140723,7.434902,0.3063272
20140724,7.447632,0.3059193
20140725,7.461728,0.3054795
20140726,7.47195,0.3050183
20140727,7.477931,0.304551
20140728,7.485523,0.3040612
20140729,7.493583,0.3035341
20140730,7.50162,0.302991
20140731,7.511274,0.3024747
20140801,7.519608,0.3019853
20140802,7.524233,0.3015226
20140803,7.525648,0.3010696
20140804,7.530793,0.3005934
20140805,7.536897,0.3000947
20140806,7.544636,0.2995882
20140807,7.55185,0.2991176
20140808,7.558148,0.298681
20140809,7.557618,0.2982761
20140810,7.550945,0.2978809
20140811,7.545695,0.2974765
20140812,7.541766,0.2970763
20140813,7.541205,0.29669
20140814,7.541868,0.296331
20140815,7.539876,0.2959977
20140816,7.53213,0.2956884
20140817,7.522064,0.2953763
20140818,7.512599,0.2950365
20140819,7.502516,0.2946507
20140820,7.494708,0.2942314
20140821,7.488481,0.2937538
20140822,7.484328,0.2932338
20140823,7.477039,0.2926844
20140824,7.467544,0.2920935
20140825,7.461157,0.2914619
20140826,7.456805,0.290806
20140827,7.455614,0.2901262
20140828,7.456032,0.2894127
20140829,7.457302,0.288679
20140830,7.458176,0.2879363
20140831,7.459196,0.2871937
20140901,7.464366,0.2864389
20140902,7.474247,0.2856908
20140903,7.488981,0.2847944
20140904,7.504643,0.2838102
20140905,7.520407,0.2827646
20140906,7.531736,0.2816798
20140907,7.538166,0.2805679
20140908,7.546442,0.2794149
20140909,7.55447,0.2782395
20140910,7.563627,0.2770793
20140911,7.57272,0.2759577
20140912,7.580589,0.2748786
20140913,7.582896,0.2738447
20140914,7.582795,0.2728547
20140915,7.585362,0.2719294
20140916,7.590495,0.2710519
20140917,7.597727,0.2701871
20140918,7.606217,0.2692806
20140919,7.615349,0.2683495
20140920,7.619391,0.2674077
20140921,7.616948,0.266462
20140922,7.615774,0.2655452
20140923,7.61691,0.2646063
20140924,7.618986,0.2636277
20140925,7.623743,0.2625778
20140926,7.631449,0.2614808
20140927,7.637935,0.2603566
20140928,7.641759,0.2592349
20140929,7.648361,0.2580673
20140930,7.657435,0.2568663
01oct2014,7.66787,0.2556913
02oct2014,7.673514,0.2544277
03oct2014,7.679603,0.2531049
04oct2014,7.68073,0.2517474
05oct2014,7.676817,0.2504351
06oct2014,7.675501,0.2491996
07oct2014,7.678492,0.2480836
08oct2014,7.685255,0.2470755
09oct2014,7.694788,0.2461279
10oct2014,7.705247,0.2452387
11oct2014,7.710192,0.2444057
12oct2014,7.710916,0.2436266
13oct2014,7.713115,0.2429179
14oct2014,7.720533,0.242366
15oct2014,7.73221,0.2419733
16oct2014,7.745054,0.2416689
17oct2014,7.75856,0.241439
18oct2014,7.767504,0.2412717
19oct2014,7.771713,0.2411789
20oct2014,7.77569,0.2411009
21oct2014,7.779879,0.2409838
22oct2014,7.783781,0.2408362
23oct2014,7.787934,0.2406787
24oct2014,7.792974,0.2405148
25oct2014,7.790935,0.2403474
26oct2014,7.783772,0.2402079
27oct2014,7.777987,0.2401199
28oct2014,7.773793,0.2400863
29oct2014,7.771873,0.2399869
30oct2014,7.770927,0.2397618
31oct2014,7.770584,0.2394373
20141101,7.766594,0.2390355
20141102,7.759367,0.2385407
20141103,7.753317,0.238029
20141104,7.749092,0.2374561
20141105,7.747914,0.2367799
20141106,7.749181,0.2360333
20141107,7.749956,0.2352369
20141108,7.748066,0.2344084
20141109,7.744573,0.2335645
20141110,7.743484,0.2327165
20141111,7.743086,0.2318986
20141112,7.742626,0.2311294
20141113,7.742667,0.2304216
20141114,7.743309,0.2297708
20141115,7.739091,0.2291725
20141116,7.73059,0.2285851
20141117,7.723214,0.2280821
20141118,7.717513,0.2276636
20141119,7.714782,0.2273002
20141120,7.714027,0.2268791
20141121,7.714671,0.2264155
20141122,7.711461,0.2259221
20141123,7.705322,0.2254361
20141124,7.702951,0.2249971
20141125,7.704095,0.2246253
20141126,7.706875,0.2243118
20141127,7.709034,0.2239964
20141128,7.710416,0.2236827
20141129,7.707148,0.2233735
20141130,7.702034,0.2231128
01dec2014,7.698544,0.2228135
02dec2014,7.696626,0.2224163
03dec2014,7.69536,0.2220473
04dec2014,7.694674,0.2216014
05dec2014,7.697225,0.2210975
06dec2014,7.698232,0.2205518
07dec2014,7.693736,0.2199679
08dec2014,7.69213,0.2194585
09dec2014,7.694121,0.2190225
10dec2014,7.698194,0.2186278
11dec2014,7.701336,0.2183405
12dec2014,7.707736,0.218143
13dec2014,7.709644,0.2180202
14dec2014,7.708976,0.2179479
15dec2014,7.711499,0.2179446
16dec2014,7.715504,0.2179183
17dec2014,7.719647,0.2177807
18dec2014,7.723656,0.2175086
19dec2014,7.726683,0.2171303
20dec2014,7.723016,0.2166697
21dec2014,7.713326,0.2161609
22dec2014,7.705264,0.2155593
23dec2014,7.697124,0.2148951
24dec2014,7.686739,0.2141868
25dec2014,7.671362,0.2134499
26dec2014,7.650405,0.2126972
27dec2014,7.626642,0.2119392
28dec2014,7.609798,0.211177
29dec2014,7.603753,0.2104151
30dec2014,7.603434,0.2096009
31dec2014,7.604902,0.2087523
20150101,7.604526,0.2078132
20150102,7.606344,0.2068101
20150103,7.606381,0.2057652
20150104,7.605652,0.2046158
20150105,7.607934,0.2034084
20150106,7.610559,0.2020684
20150107,7.615527,0.2006267
20150108,7.62114,0.1991333
20150109,7.607283,0.1976128
20150110,7.59295,0.1960856
20150111,7.581647,0.1945699
20150112,7.575476,0.1930339
20150113,7.573404,0.1915196
20150114,7.574951,0.1898603
20150115,7.580939,0.18803
20150116,7.58884,0.1860796
20150117,7.595241,0.1840513
20150118,7.59968,0.1819804
20150119,7.606015,0.1799318
20150120,7.614156,0.1779436
20150121,7.623179,0.1758763
20150122,7.632889,0.1736465
20150123,7.644101,0.1713076
20150124,7.654385,0.1689035
20150125,7.664617,0.1664805
20150126,7.681707,0.164137
20150127,7.702095,0.1618566
20150128,7.725558,0.1596203
20150129,7.752697,0.1574259
20150130,7.779341,0.1552875
20150131,7.803646,0.1532159
20150201,7.825736,0.1512606
20150202,7.851274,0.1495287
20150203,7.877954,0.1479567
20150204,7.905519,0.146542
20150205,7.932206,0.1451795
20150206,7.95671,0.1438727
20150207,7.97184,0.1426242
20150208,7.981965,0.1414229
20150209,7.992834,0.140272
20150210,8.003663,0.1391592
20150211,8.016876,0.1381854
20150212,8.030815,0.137332
20150213,8.042698,0.1365847
20150214,8.046268,0.1359308
20150215,8.047125,0.1353592
20150216,8.050808,0.1348485
20150217,8.057568,0.1343456
20150218,8.06663,0.1338981
20150219,8.078155,0.1334823
20150220,8.092051,0.1330964
20150221,8.102248,0.1327385
20150222,8.106676,0.132384
20150223,8.111039,0.1320015
20150224,8.117166,0.1316493
20150225,8.123926,0.1311916
20150226,8.131427,0.1306395
20150227,8.139077,0.1300166
20150228,8.141186,0.1293424
01mar2015,8.137431,0.1286273
02mar2015,8.135165,0.1279057
03mar2015,8.134531,0.1270588
04mar2015,8.135899,0.1260607
05mar2015,8.137565,0.1248121
06mar2015,8.138039,0.1233729
07mar2015,8.134314,0.1217939
08mar2015,8.128045,0.1201091
09mar2015,8.126051,0.1182264
10mar2015,8.12572,0.1160792
11mar2015,8.126649,0.113776
12mar2015,8.128859,0.1112834
13mar2015,8.131541,0.1086623
14mar2015,8.129047,0.1059633
15mar2015,8.122177,0.1032766
16mar2015,8.117455,0.1006549
17mar2015,8.116537,0.098148
18mar2015,8.119418,0.0957385
19mar2015,8.12581,0.0935915
20mar2015,8.13365,0.0916788
21mar2015,8.135716,0.0899749
22mar2015,8.133427,0.0885824
23mar2015,8.134081,0.0874378
24mar2015,8.140981,0.0865766
25mar2015,8.152422,0.0858925
26mar2015,8.165382,0.085333
27mar2015,8.178293,0.0848799
28mar2015,8.187665,0.0845177
29mar2015,8.190937,0.0841654
30mar2015,8.195699,0.0837532
31mar2015,8.200768,0.0833217
20150401,8.205454,0.0829768
20150402,8.208809,0.0828118
20150403,8.208718,0.082794
20150404,8.201441,0.0828956
20150405,8.188564,0.0831093
20150406,8.177223,0.0832672
20150407,8.168955,0.0833486
20150408,8.166589,0.0832305
20150409,8.168216,0.0828834
20150410,8.169893,0.0823542
20150411,8.165421,0.0816828
20150412,8.15574,0.0808878
20150413,8.147043,0.0800854
20150414,8.141079,0.0792135
20150415,8.138905,0.0784309
20150416,8.139799,0.0777637
20150417,8.143845,0.0771968
20150418,8.144087,0.0767166
20150419,8.142956,0.0762959
20150420,8.147582,0.0759227
20150421,8.156126,0.0755649
20150422,8.167246,0.0752918
20150423,8.180781,0.0751574
20150424,8.196035,0.0751367
20150425,8.206364,0.0752083
20150426,8.211717,0.0753687
20150427,8.218358,0.0756789
20150428,8.226021,0.0762834
20150429,8.233392,0.0771095
20150430,8.239703,0.0781355
01may2015,8.243428,0.0793131
02may2015,8.239753,0.0806018
03may2015,8.231718,0.0819236
04may2015,8.224299,0.0832852
05may2015,8.218809,0.0848171
06may2015,8.215935,0.0864169
07may2015,8.215024,0.0880184
08may2015,8.213225,0.0896052
09may2015,8.177999,0.0911643
10may2015,8.143986,0.0925969
11may2015,8.117805,0.0940003
12may2015,8.099507,0.0954828
13may2015,8.086233,0.0970109
14may2015,8.075858,0.0986133
15may2015,8.06842,0.10026
16may2015,8.057255,0.1019261
17may2015,8.043239,0.1035261
18may2015,8.031902,0.1048764
19may2015,8.023355,0.105946
20may2015,8.01846,0.1068199
21may2015,8.016019,0.1074426
22may2015,8.015628,0.1078556
23may2015,8.0116,0.1080947
24may2015,8.003594,0.1081904
25may2015,7.996559,0.1080258
26may2015,7.993253,0.107663
27may2015,7.993825,0.1071671
28may2015,7.997967,0.1066414
29may2015,8.003127,0.1060968
30may2015,8.002654,0.1055423
31may2015,7.99959,0.1049115
20150601,8.000349,0.104422
20150602,8.004206,0.1041902
20150603,8.010399,0.104157
20150604,8.018877,0.1041393
20150605,8.028821,0.1041345
20150606,8.034803,0.10414
20150607,8.038661,0.1042648
20150608,8.046268,0.1045313
20150609,8.055749,0.1049303
20150610,8.068158,0.1053695
20150611,8.082211,0.1058742
20150612,8.095838,0.106427
20150613,8.102911,0.1070132
20150614,8.105284,0.1076099
20150615,8.110971,0.1081843
20150616,8.120124,0.1087402
20150617,8.132217,0.1094169
20150618,8.147813,0.110124
20150619,8.164979,0.1108485
20150620,8.177126,0.11158
20150621,8.186134,0.1123477
20150622,8.198381,0.1129704
20150623,8.212481,0.1134588
20150624,8.227864,0.1138494
20150625,8.244316,0.1141213
20150626,8.260827,0.1142942
20150627,8.272923,0.1143853
20150628,8.282035,0.1144306
20150629,8.295666,0.1144151
20150630,8.313095,0.1142876
20150701,8.332882,0.114076
20150702,8.352482,0.1137985
20150703,8.370398,0.1134703
20150704,8.384984,0.1131043
20150705,8.400108,0.1126988
20150706,8.422539,0.1121527
20150707,8.44966,0.1116072
20150708,8.47706,0.111025
20150709,8.503358,0.1105318
20150710,8.52907,0.1101155
20150711,8.550028,0.1097657
20150712,8.567566,0.1093559
20150713,8.585792,0.1088972
20150714,8.602285,0.1083579
20150715,8.616695,0.1076975
20150716,8.630054,0.1068995
20150717,8.641183,0.105998
20150718,8.645793,0.1050219
20150719,8.642788,0.1039968
20150720,8.638695,0.103013
20150721,8.634175,0.102033
20150722,8.629126,0.1011502
20150723,8.622544,0.1003549
20150724,8.614608,0.0996384
20150725,8.599508,0.0989929
20150726,8.577898,0.0985346
20150727,8.557533,0.0981809
20150728,8.539383,0.0978894
20150729,8.522649,0.0975489
20150730,8.506269,0.0972762
20150731,8.489175,0.0970611
20150801,8.46772,0.0968947
20150802,8.441965,0.0967095
20150803,8.41808,0.0965027
20150804,8.395681,0.0962025
20150805,8.375805,0.0958793
20150806,8.357648,0.0955735
20150807,8.34219,0.095285
20150808,8.322988,0.0950133
20150809,8.300214,0.0947907
20150810,8.281041,0.0946537
20150811,8.265375,0.0947277
20150812,8.252443,0.0949235
20150813,8.242257,0.0951855
20150814,8.234365,0.0954985
20150815,8.223118,0.0958496
20150816,8.208134,0.0961992
20150817,8.194407,0.096499
20150818,8.183339,0.0967852
20150819,8.175851,0.0971825
20150820,8.172023,0.0978041
20150821,8.171559,0.0986011
20150822,8.169509,0.0995323
20150823,8.170199,0.1007582
20150824,8.172944,0.1020627
20150825,8.178517,0.1034002
20150826,8.185069,0.1046176
20150827,8.191338,0.1056658
20150828,8.198885,0.1065664
20150829,8.202533,0.1073385
20150830,8.202312,0.1080184
20150831,8.201971,0.1086784
20150901,8.203092,0.1092969
20150902,8.205548,0.1097521
20150903,8.210364,0.1100822
20150904,8.218085,0.1103076
20150905,8.222848,0.1104461
20150906,8.225289,0.1105127
20150907,8.229654,0.1105787
20150908,8.237702,0.1106284
20150909,8.247195,0.1107508
20150910,8.256495,0.1109982
20150911,8.265164,0.1113444
20150912,8.268544,0.1117671
20150913,8.268,0.1122202
20150914,8.268094,0.1126517
20150915,8.269585,0.1131005
20150916,8.272093,0.1135657
20150917,8.274252,0.1140803
20150918,8.276894,0.1146297
20150919,8.275355,0.1152017
20150920,8.272586,0.1156499
20150921,8.271482,0.1159298
20150922,8.272115,0.1160947
20150923,8.274234,0.1162469
20150924,8.276993,0.1163338
20150925,8.27951,0.1163671
20150926,8.276873,0.1163565
20150927,8.271293,0.1163497
20150928,8.268246,0.116355
20150929,8.266208,0.116295
20150930,8.266022,0.1162168
01oct2015,8.265553,0.1161922
02oct2015,8.265121,0.1162112
03oct2015,8.259704,0.1162655
04oct2015,8.250633,0.11628
05oct2015,8.243625,0.1163211
06oct2015,8.23823,0.116368
07oct2015,8.234267,0.1164486
08oct2015,8.231677,0.1166272
09oct2015,8.229465,0.1168833
10oct2015,8.222952,0.1171998
11oct2015,8.21053,0.1175618
12oct2015,8.199669,0.117974
13oct2015,8.191186,0.1184708
14oct2015,8.185029,0.1190145
15oct2015,8.181199,0.1195399
16oct2015,8.179428,0.1200453
17oct2015,8.174536,0.1205292
18oct2015,8.166508,0.1209559
19oct2015,8.161817,0.1213661
20oct2015,8.159248,0.1217467
21oct2015,8.142027,0.121917
22oct2015,8.110167,0.1218035
23oct2015,8.088101,0.1214611
24oct2015,8.067966,0.1209368
25oct2015,8.048808,0.1203021
26oct2015,8.036058,0.1195853
27oct2015,8.028714,0.1188217
28oct2015,8.0256,0.1179344
29oct2015,8.027289,0.1170275
30oct2015,8.032274,0.1161139
31oct2015,8.034097,0.1152039
20151101,8.030822,0.1142916
20151102,8.028987,0.1133135
20151103,8.030424,0.1122141
20151104,8.036277,0.1110347
20151105,8.044926,0.1096885
20151106,8.054531,0.1082207
20151107,8.058724,0.1066691
20151108,8.057238,0.1050846
20151109,8.057652,0.1034138
20151110,8.060946,0.1016898
20151111,8.066476,0.1000164
20151112,8.074856,0.0983579
20151113,8.084709,0.0967281
20151114,8.090636,0.0951377
20151115,8.092715,0.0935823
20151116,8.097239,0.0920012
20151117,8.104174,0.090419
20151118,8.111926,0.0889528
20151119,8.121116,0.0875147
20151120,8.13065,0.0861138
20151121,8.135181,0.0847571
20151122,8.134723,0.0833952
20151123,8.134768,0.0820897
20151124,8.136074,0.0808092
20151125,8.139212,0.0795616
20151126,8.14255,0.0783343
20151127,8.14543,0.0771359
20151128,8.144248,0.0759726
20151129,8.139879,0.0748175
20151130,8.136919,0.0737351
01dec2015,8.135448,0.0726783
02dec2015,8.135421,0.0719591
03dec2015,8.138422,0.071504
04dec2015,8.143024,0.0712675
05dec2015,8.143611,0.0712103
06dec2015,8.140348,0.0712584
07dec2015,8.138881,0.0714246
08dec2015,8.140621,0.0717834
09dec2015,8.144972,0.072262
10dec2015,8.150731,0.072882
11dec2015,8.157823,0.0736102
12dec2015,8.161641,0.0744189
13dec2015,8.160845,0.0753056
14dec2015,8.161212,0.0761426
15dec2015,8.162232,0.0769548
16dec2015,8.163459,0.0776165
17dec2015,8.164545,0.0781893
18dec2015,8.165757,0.0786844
19dec2015,8.16221,0.0791116
20dec2015,8.153764,0.0795467
21dec2015,8.147031,0.0800367
22dec2015,8.144339,0.0804721
23dec2015,8.143198,0.0809321
24dec2015,8.105386,0.0814075
25dec2015,8.068895,0.0818906
26dec2015,8.031926,0.0823751
27dec2015,7.994012,0.0828815
28dec2015,7.960982,0.0833393
29dec2015,7.932975,0.0837494
30dec2015,7.909472,0.0840683
31dec2015,7.887418,0.08431
20160101,7.863752,0.0844867
20160102,7.8382,0.0846091
20160103,7.814701,0.0846345
20160104,7.795899,0.0845255
20160105,7.78193,0.0843263
20160106,7.772879,0.0841466
20160107,7.768405,0.0840077
20160108,7.766182,0.0839031
20160109,7.761927,0.0838273
20160110,7.755042,0.0837692
20160111,7.751712,0.0836883
20160112,7.752179,0.0836127
20160113,7.756592,0.0835422
20160114,7.76604,0.08357
20160115,7.778754,0.0836772
20160116,7.789072,0.0838475
20160117,7.795289,0.0840673
20160118,7.803343,0.084272
20160119,7.812908,0.0844641
20160120,7.825497,0.0845753
20160121,7.840694,0.0846021
20160122,7.857831,0.0845604
20160123,7.871938,0.0844636
20160124,7.883871,0.0843397
20160125,7.899071,0.0842081
20160126,7.917332,0.0840908
20160127,7.938758,0.0840643
20160128,7.962389,0.0840014
20160129,7.986477,0.0839096
20160130,8.00719,0.0837954
20160131,8.020992,0.0837156
20160201,8.034777,0.083683
20160202,8.049648,0.0838191
20160203,8.064497,0.0842236
20160204,8.080362,0.0847804
20160205,8.095937,0.0854552
20160206,8.106207,0.0862186
20160207,8.111855,0.0870813
20160208,8.119581,0.0881315
20160209,8.128437,0.0892537
20160210,8.137496,0.0905471
20160211,8.147741,0.0918537
20160212,8.159464,0.093158
20160213,8.16784,0.0944474
20160214,8.171509,0.0957118
20160215,8.175138,0.0968585
20160216,8.179182,0.0978983
20160217,8.1836,0.0987979
20160218,8.188354,0.0996065
20160219,8.193971,0.1003333
20160220,8.195505,0.1009866
20160221,8.1932,0.1014753
20160222,8.193254,0.1018241
20160223,8.198134,0.1020605
20160224,8.206997,0.1022081
20160225,8.218962,0.1021967
20160226,8.231917,0.1020566
20160227,8.240641,0.1018136
20160228,8.244493,0.101431
20160229,8.249146,0.1009199
01mar2016,8.255915,0.1003078
02mar2016,8.264694,0.0997147
03mar2016,8.274905,0.0991993
04mar2016,8.286297,0.098752
05mar2016,8.293737,0.0983644
06mar2016,8.298512,0.0980235
07mar2016,8.303465,0.0977457
08mar2016,8.309601,0.0975163
09mar2016,8.316412,0.0974546
10mar2016,8.323662,0.0975455
11mar2016,8.292645,0.0977591
12mar2016,8.264826,0.0980699
13mar2016,8.239119,0.0983909
14mar2016,8.219655,0.0987214
15mar2016,8.207915,0.0990229
16mar2016,8.2021,0.0995133
17mar2016,8.200262,0.1001304
18mar2016,8.200916,0.1008441
19mar2016,8.164323,0.1016288
20mar2016,8.13247,0.1024349
21mar2016,8.109254,0.1032217
22mar2016,8.093349,0.1039368
23mar2016,8.082835,0.1045769
24mar2016,8.075613,0.1051507
25mar2016,8.069449,0.1056651
26mar2016,8.060766,0.1061262
27mar2016,8.050159,0.1065806
28mar2016,8.041412,0.1070197
29mar2016,8.042123,0.1075539
30mar2016,8.048736,0.1082126
31mar2016,8.05886,0.1089611
20160401,8.070829,0.1097749
20160402,8.079789,0.1106334
20160403,8.086148,0.1115205
20160404,8.098461,0.1124113
20160405,8.114556,0.1133453
20160406,8.13283,0.1142663
20160407,8.151698,0.1151853
20160408,8.171652,0.1160933
20160409,8.188066,0.1169834
20160410,8.199563,0.1178554
20160411,8.211862,0.118689
20160412,8.225423,0.1193827
20160413,8.239453,0.1199393
20160414,8.252953,0.1204085
20160415,8.266639,0.1208022
20160416,8.283325,0.1211308
20160417,8.297843,0.1214273
20160418,8.311687,0.1217415
20160419,8.324222,0.1220273
20160420,8.335166,0.1222616
20160421,8.344547,0.1223968
20160422,8.352173,0.1224504
20160423,8.354289,0.1224373
20160424,8.349929,0.1224016
20160425,8.346204,0.1223866
20160426,8.344239,0.1223923
20160427,8.343012,0.1224173
20160428,8.34242,0.1225595
20160429,8.341193,0.1227953
20160430,8.334711,0.1231045
01may2016,8.321735,0.1235354
02may2016,8.309166,0.1240537
03may2016,8.298985,0.1246184
04may2016,8.290713,0.1251434
05may2016,8.283118,0.125646
06may2016,8.276839,0.1261252
07may2016,8.266751,0.1265809
08may2016,8.255999,0.1269962
09may2016,8.249312,0.1273606
10may2016,8.245214,0.127731
11may2016,8.242677,0.1280464
12may2016,8.241033,0.1282383
13may2016,8.241115,0.1283282
14may2016,8.236983,0.1283346
15may2016,8.227139,0.1283034
16may2016,8.218178,0.1282499
17may2016,8.211722,0.1281251
18may2016,8.208193,0.1278884
19may2016,8.210327,0.1275574
20may2016,8.215682,0.1271532
21may2016,8.217448,0.1266939
22may2016,8.214141,0.126181
23may2016,8.212735,0.1255878
24may2016,8.215154,0.1249436
25may2016,8.220636,0.1242913
26may2016,8.228846,0.1235996
27may2016,8.238887,0.1228829
28may2016,8.246566,0.1221531
29may2016,8.251304,0.1214201
30may2016,8.254813,0.1206871
31may2016,8.258869,0.1199886
20160601,8.262168,0.1193177
20160602,8.264574,0.1188298
20160603,8.266917,0.118495
20160604,8.265322,0.1182875
20160605,8.257495,0.1182065
20160606,8.248411,0.1182251
20160607,8.239759,0.1183682
20160608,8.232567,0.1185482
20160609,8.227529,0.1187139
20160610,8.224098,0.1188663
20160611,8.215628,0.1190065
20160612,8.201963,0.1191362
20160613,8.1893,0.1191885
20160614,8.179443,0.119207
20160615,8.170875,0.1191257
20160616,8.164477,0.1190517
20160617,8.160328,0.1189845
20160618,8.152918,0.1189233
20160619,8.141048,0.1189226
20160620,8.132421,0.1189213
20160621,8.126587,0.1189408
20160622,8.122835,0.1190538
20160623,8.121142,0.1190218
20160624,8.12204,0.1188726
20160625,8.121889,0.11863
20160626,8.121817,0.1182222
20160627,8.125949,0.1177116
20160628,8.132097,0.1171799
20160629,8.138659,0.1165595
20160630,8.146646,0.1159755
20160701,8.153893,0.1154267
20160702,8.157047,0.114912
20160703,8.15373,0.1144301
20160704,8.15151,0.1139209
20160705,8.152728,0.1133922
20160706,8.15596,0.112842
20160707,8.163398,0.1122555
20160708,8.174889,0.1116455
20160709,8.183659,0.1110225
20160710,8.191082,0.1104016
20160711,8.20062,0.1098148
20160712,8.211705,0.1092957
20160713,8.222531,0.1088341
20160714,8.232987,0.1083784
20160715,8.243025,0.107932
20160716,8.251278,0.1074978
20160717,8.255751,0.107093
20160718,8.259432,0.1066601
20160719,8.260953,0.1062022
20160720,8.260953,0.105737
20160721,8.260683,0.1052268
20160722,8.259597,0.1046852
20160723,8.254955,0.1041236
20160724,8.246,0.1035624
20160725,8.236753,0.1030107
20160726,8.228014,0.102476
20160727,8.221864,0.1020562
20160728,8.217316,0.1018004
20160729,8.213619,0.1016798
20160730,8.204962,0.10167
20160731,8.191935,0.1017572
20160801,8.180882,0.1019659
20160802,8.172142,0.1022217
20160803,8.165016,0.1024808
20160804,8.158434,0.1026915
20160805,8.151552,0.1028608
20160806,8.138388,0.1029949
20160807,8.120493,0.1030973
20160808,8.10391,0.103202
20160809,8.089466,0.103362
20160810,8.077683,0.1035627
20160811,8.068624,0.1037979
20160812,8.061738,0.1040587
20160813,8.05175,0.1043376
20160814,8.038691,0.1046526
20160815,8.027056,0.1050629
20160816,8.016927,0.1055341
20160817,8.009214,0.1061126
20160818,8.004006,0.1067652
20160819,7.999108,0.1074714
20160820,7.989288,0.1082138
20160821,7.975337,0.1089675
20160822,7.9644,0.1097177
20160823,7.957531,0.1104113
20160824,7.95643,0.1110681
20160825,7.960209,0.1116557
20160826,7.965883,0.1121814
20160827,7.967668,0.1126517
20160828,7.966174,0.1130233
20160829,7.964571,0.1132826
20160830,7.966776,0.1134448
20160831,7.971529,0.1135696
20160901,7.977244,0.1136307
20160902,7.98309,0.1136397
20160903,7.983974,0.1136062
20160904,7.979877,0.1135388
20160905,7.976757,0.113515
20160906,7.975903,0.1135278
20160907,7.97642,0.113586
20160908,7.978728,0.1136431
20160909,7.985501,0.1136987
20160910,7.989203,0.1137525
20160911,7.987875,0.1138186
20160912,7.98843,0.1139047
20160913,7.990907,0.1140319
20160914,7.99455,0.1141688
20160915,7.999341,0.1142356
20160916,8.005088,0.1142448
20160917,8.005615,0.1142073
20160918,8.001895,0.1141494
20160919,8.000671,0.1140693
20160920,8.002516,0.1139657
20160921,8.007548,0.1139012
20160922,8.015368,0.1138638
20160923,8.024262,0.1138487
20160924,8.029541,0.1138517
20160925,8.030784,0.1139113
20160926,8.033852,0.1139608
20160927,8.038045,0.1139946
20160928,8.044336,0.1140546
20160929,8.052168,0.1141297
20160930,8.060891,0.1142165
01oct2016,8.064893,0.1143117
02oct2016,8.063992,0.114388
03oct2016,8.065186,0.1144499
04oct2016,8.068322,0.1144852
05oct2016,8.072983,0.1144647
06oct2016,8.07947,0.1143974
07oct2016,8.085905,0.1142928
08oct2016,8.086597,0.114159
09oct2016,8.082058,0.1140031
10oct2016,8.079445,0.113746
11oct2016,8.078877,0.1133661
12oct2016,8.07965,0.1129124
13oct2016,8.081258,0.1123551
14oct2016,8.084141,0.1117197
15oct2016,8.081512,0.1110272
16oct2016,8.072994,0.1103092
17oct2016,8.065655,0.1095749
18oct2016,8.060673,0.1088064
19oct2016,8.056833,0.1079889
20oct2016,8.055347,0.1070773
21oct2016,8.056155,0.1060987
22oct2016,8.052749,0.1050755
23oct2016,8.04425,0.1040468
24oct2016,8.038102,0.1030257
25oct2016,8.03507,0.1020447
26oct2016,8.036686,0.1010952
27oct2016,8.040431,0.100208
28oct2016,8.045771,0.0993802
29oct2016,8.046329,0.0986089
30oct2016,8.042989,0.0979164
31oct2016,8.040868,0.0973676
20161101,8.040471,0.0970101
20161102,8.042817,0.0967887
20161103,8.046128,0.0967039
20161104,8.050037,0.0967306
20161105,8.050786,0.0968475
20161106,8.046783,0.0969613
20161107,8.045256,0.0970679
20161108,8.045428,0.0970928
20161109,8.046583,0.0969874
20161110,8.049433,0.0967773
20161111,8.052688,0.0964847
20161112,8.051962,0.096128
20161113,8.046298,0.0955759
20161114,8.043367,0.0948738
20161115,8.045107,0.094032
20161116,8.052085,0.0930452
20161117,8.062898,0.0918982
20161118,8.075745,0.0906327
20161119,8.083485,0.0892841
20161120,8.086834,0.0878787
20161121,8.090013,0.0864613
20161122,8.095231,0.0849934
20161123,8.101965,0.0834993
20161124,8.108816,0.0820321
20161125,8.116168,0.0806013
20161126,8.119541,0.0792144
20161127,8.118531,0.0778588
20161128,8.118199,0.0765894
20161129,8.119082,0.0753572
20161130,8.121458,0.0742202
01dec2016,8.124495,0.0732019
02dec2016,8.129232,0.0722897
03dec2016,8.12984,0.0714728
04dec2016,8.127663,0.0707944
05dec2016,8.129843,0.0702294
06dec2016,8.134604,0.0698001
07dec2016,8.139772,0.0693606
08dec2016,8.145933,0.0688379
09dec2016,8.151358,0.068253
10dec2016,8.151172,0.0676235
11dec2016,8.146045,0.0670258
12dec2016,8.141632,0.066487
13dec2016,8.138987,0.0660212
14dec2016,8.136784,0.0653517
15dec2016,8.135806,0.0646019
16dec2016,8.134321,0.0637944
17dec2016,8.127749,0.0629483
18dec2016,8.114743,0.0620679
19dec2016,8.102994,0.0611167
20dec2016,8.093835,0.0601512
21dec2016,8.086859,0.0592098
22dec2016,8.081032,0.0582943
23dec2016,8.079602,0.0574091
24dec2016,8.077682,0.0565572
25dec2016,8.070149,0.0557408
26dec2016,8.059269,0.0549699
27dec2016,8.04721,0.0541774
28dec2016,8.035423,0.0534682
29dec2016,8.025311,0.0528965
30dec2016,8.016744,0.0524417
31dec2016,8.008118,0.0520862
20170101,7.996027,0.0518146
20170102,7.982436,0.0514841
20170103,7.970687,0.0511666
20170104,7.961807,0.0509786
20170105,7.955683,0.0508613
20170106,7.952082,0.0508026
20170107,7.947976,0.050792
20170108,7.942455,0.0508354
20170109,7.941534,0.0509185
20170110,7.94455,0.0509655
20170111,7.949708,0.0511386
20170112,7.958591,0.0513737
20170113,7.971694,0.0516567
20170114,7.981567,0.0519755
20170115,7.986555,0.0523203
20170116,7.991547,0.0527483
20170117,7.998254,0.0532272
20170118,8.006472,0.0536938
20170119,8.016191,0.0541458
20170120,8.027078,0.0545814
20170121,8.034916,0.0549993
20170122,8.041029,0.0555018
20170123,8.047549,0.056076
20170124,8.054697,0.0566971
20170125,8.062725,0.0572817
20170126,8.072329,0.0578497
20170127,8.083014,0.0583984
20170128,8.090699,0.0589262
20170129,8.093446,0.0594232
20170130,8.096673,0.0599957
20170131,8.10112,0.06059
20170201,8.106764,0.061237
20170202,8.112823,0.0619109
20170203,8.120466,0.0625998
20170204,8.121786,0.0632941
20170205,8.119685,0.063929
20170206,8.118159,0.0644712
20170207,8.117408,0.0649498
20170208,8.117799,0.0653252
20170209,8.11977,0.0656057
20170210,8.122696,0.0658067
20170211,8.122024,0.0659411
20170212,8.116161,0.0659761
20170213,8.11259,0.0659057
20170214,8.111391,0.0657694
20170215,8.113704,0.0656405
20170216,8.118654,0.0654756
20170217,8.126005,0.0652831
20170218,8.128956,0.0650702
20170219,8.126035,0.064843
20170220,8.125249,0.0645469
20170221,8.12719,0.0642017
20170222,8.132138,0.0638496
20170223,8.138887,0.0634896
20170224,8.145747,0.063127
20170225,8.146944,0.0627658
20170226,8.142754,0.0624509
20170227,8.139653,0.0621709
20170228,8.13884,0.0618711
01mar2017,8.140596,0.0615108
02mar2017,8.14277,0.0611412
03mar2017,8.146108,0.0607676
04mar2017,8.144895,0.0603947
05mar2017,8.138199,0.0600581
06mar2017,8.132628,0.0597506
07mar2017,8.127412,0.0594366
08mar2017,8.124462,0.0591574
09mar2017,8.123741,0.0589853
10mar2017,8.12337,0.0589018
11mar2017,8.118919,0.0588908
12mar2017,8.107846,0.0589415
13mar2017,8.098326,0.0590182
14mar2017,8.091561,0.0591011
15mar2017,8.086171,0.0592893
16mar2017,8.082643,0.0595646
17mar2017,8.082032,0.0599077
18mar2017,8.076509,0.0603023
19mar2017,8.065979,0.0607458
20mar2017,8.057524,0.0612765
21mar2017,8.051012,0.0618632
22mar2017,8.046905,0.0624773
23mar2017,8.045215,0.0631252
24mar2017,8.045917,0.0637939
25mar2017,8.044658,0.0644727
26mar2017,8.037457,0.0652231
27mar2017,8.032849,0.0659963
28mar2017,8.030471,0.0666915
29mar2017,8.031831,0.0672885
30mar2017,8.035327,0.0677739
31mar2017,8.040846,0.068164
20170401,8.041598,0.0684731
20170402,8.040595,0.0686732
20170403,8.043301,0.0687914
20170404,8.049322,0.0688394
20170405,8.057015,0.0688205
20170406,8.06484,0.0687147
20170407,8.072718,0.0685397
20170408,8.075848,0.0683103
20170409,8.073703,0.0680297
20170410,8.07604,0.0677181
20170411,8.082799,0.0673815
20170412,8.088561,0.067046
20170413,8.09233,0.0667101
20170414,8.09209,0.0663771
20170415,8.08534,0.0660499
20170416,8.071568,0.0657634
20170417,8.056573,0.065556
20170418,8.043447,0.0654155
20170419,8.032454,0.0653782
20170420,8.024862,0.0653652
20170421,8.021283,0.065372
